-- phpMyAdmin SQL Dump
-- version 4.8.5
-- https://www.phpmyadmin.net/
--
-- Host: 127.0.0.1:3306
-- Generation Time: Dec 07, 2019 at 03:09 PM
-- Server version: 5.7.26
-- PHP Version: 7.2.18

SET SQL_MODE = "NO_AUTO_VALUE_ON_ZERO";
SET AUTOCOMMIT = 0;
START TRANSACTION;
SET time_zone = "+00:00";


/*!40101 SET @OLD_CHARACTER_SET_CLIENT=@@CHARACTER_SET_CLIENT */;
/*!40101 SET @OLD_CHARACTER_SET_RESULTS=@@CHARACTER_SET_RESULTS */;
/*!40101 SET @OLD_COLLATION_CONNECTION=@@COLLATION_CONNECTION */;
/*!40101 SET NAMES utf8mb4 */;

--
-- Database: `raregardenblooms`
--

-- --------------------------------------------------------

--
-- Table structure for table `admin`
--

DROP TABLE IF EXISTS `admin`;
CREATE TABLE IF NOT EXISTS `admin` (
  `id` int(200) NOT NULL AUTO_INCREMENT,
  `email` varchar(255) NOT NULL,
  `password` varchar(255) NOT NULL,
  `firstname` varchar(255) NOT NULL,
  `lastname` varchar(255) NOT NULL,
  `mobile` varchar(200) NOT NULL,
  `role` enum('Super User','Super Admin','Admin') DEFAULT NULL,
  PRIMARY KEY (`id`),
  UNIQUE KEY `email` (`email`)
) ENGINE=InnoDB AUTO_INCREMENT=4 DEFAULT CHARSET=utf8;

--
-- Dumping data for table `admin`
--

INSERT INTO `admin` (`id`, `email`, `password`, `firstname`, `lastname`, `mobile`, `role`) VALUES
(1, 'maryannliones14@gmail.com', '$2y$10$yQNfeGzxtKxWUSumbDe0m.1UvmAxyLRR2iaSYFdGm9WMo3c6X/lGS', 'Mary Ann', 'Alcantara', '09278627361', 'Admin'),
(2, '12345@gmail.com', '$2y$10$hN6mJncsJRynhDLT/DYP.eoMEeMgkIrSyhGqKUDRDcSyrnFBtGYzi', 'firstname', 'lastname', '09057128373', 'Super User'),
(3, 'mariatheresa.hartley@gmail.com', '$2y$10$2WlY7t6iIiqf49FdU2HpA.Q0XtDOa8HBdujrDUqdUMv64jyzOXaMu', 'Maria Theresa', 'Hartley', '09174193917', 'Super Admin');

-- --------------------------------------------------------

--
-- Table structure for table `amountdues`
--

DROP TABLE IF EXISTS `amountdues`;
CREATE TABLE IF NOT EXISTS `amountdues` (
  `id` bigint(255) NOT NULL AUTO_INCREMENT,
  `invoiceID` int(255) DEFAULT NULL,
  `remittanceID` int(255) DEFAULT NULL,
  `amountPaid` int(255) DEFAULT NULL,
  `date` varchar(255) DEFAULT NULL,
  `remittanceCode` varchar(255) DEFAULT NULL,
  `remittanceCourier` varchar(255) DEFAULT NULL,
  `modeOfPayment` enum('Bank','Money Transfer','Cash') DEFAULT NULL,
  `timestamp` timestamp(6) NULL DEFAULT NULL,
  `adminID` int(255) DEFAULT NULL,
  PRIMARY KEY (`id`)
) ENGINE=InnoDB DEFAULT CHARSET=utf8mb4;

-- --------------------------------------------------------

--
-- Table structure for table `customers`
--

DROP TABLE IF EXISTS `customers`;
CREATE TABLE IF NOT EXISTS `customers` (
  `id` bigint(255) NOT NULL AUTO_INCREMENT,
  `firstname` varchar(255) NOT NULL,
  `lastname` varchar(255) NOT NULL,
  `address` varchar(255) DEFAULT NULL,
  `contactNumber` varchar(255) DEFAULT NULL,
  PRIMARY KEY (`id`)
) ENGINE=InnoDB AUTO_INCREMENT=3 DEFAULT CHARSET=utf8;

--
-- Dumping data for table `customers`
--

INSERT INTO `customers` (`id`, `firstname`, `lastname`, `address`, `contactNumber`) VALUES
(1, 'andrian yves', 'macalin', '111 new lucban ext', '09057128373'),
(2, 'jun', 'dilapil', 'bamban, tarlac', '0');

-- --------------------------------------------------------

--
-- Table structure for table `expenseitems`
--

DROP TABLE IF EXISTS `expenseitems`;
CREATE TABLE IF NOT EXISTS `expenseitems` (
  `expenseItemsID` bigint(255) NOT NULL AUTO_INCREMENT,
  `expenseID` int(255) NOT NULL,
  `itemName` varchar(255) NOT NULL,
  `purpose` varchar(255) DEFAULT NULL,
  `quantity` decimal(65,2) NOT NULL,
  `metric` varchar(255) DEFAULT NULL,
  `price` varchar(255) NOT NULL,
  `totalamount` varchar(255) NOT NULL,
  PRIMARY KEY (`expenseItemsID`)
) ENGINE=InnoDB AUTO_INCREMENT=574 DEFAULT CHARSET=utf8;

--
-- Dumping data for table `expenseitems`
--

INSERT INTO `expenseitems` (`expenseItemsID`, `expenseID`, `itemName`, `purpose`, `quantity`, `metric`, `price`, `totalamount`) VALUES
(1, 1, '03 dsl techro 11.500l', 'gasoline', '1.00', 'pc', '500.14', '500.14'),
(2, 2, 'del monte tomato sauce original 250g', 'none', '2.00', 'pc', '23', '46'),
(3, 3, 'marlboro 20\'s flip top', '', '2.00', 'pc', '97', '194'),
(4, 4, 'qrt pounder', '', '2.00', 'pc', '142', '284'),
(5, 4, 'burger mcdo', '', '3.00', 'pc', '35', '105'),
(6, 4, 'mcspaghetti', '', '1.00', 'pc', '55', '55'),
(7, 4, 'mcshare 8pcck', '', '1.00', 'pc', '485', '485'),
(8, 5, 'dm swtpne202', '', '1.00', 'pc', '26.25', '26.25'),
(9, 6, 'gold 10k argolya', '', '1.00', 'pc', '150', '150'),
(10, 7, 'gaviscon double acti', '', '16.00', 'pc', '19.25', '308'),
(11, 7, 'xenical capx21', '', '12.00', 'pc', '43.75', '525'),
(12, 7, 'virlix tab 10mgx50', '', '6.00', 'pc', '28.75', '172.5'),
(13, 7, 'enervon tab 9plus1', '', '1.00', 'pc', '60.75', '60.75'),
(14, 7, 'nanomed carbon filte', '', '1.00', 'pc', '15', '15'),
(15, 8, '1.534 smbckbelly so', '', '1.00', 'kg', '414.18', '414.18'),
(16, 8, '1.322 smb c pork steak', '', '1.00', 'kg', '315.96', '315.96'),
(17, 8, '0.836 smb c kasim', '', '1.00', 'kg', '173.05', '173.05'),
(18, 8, '1.272 smb cpork chop', '', '1.00', 'kg', '264.58', '264.58'),
(19, 8, 'ockjbngamng250', '', '3.00', 'pc', '38', '114'),
(20, 8, 'magnolia fcmilk 1l', '', '1.00', 'pc', '76.50', '76.5'),
(21, 8, 'nutella hazel nut', '', '1.00', 'pc', '279.50', '279.5'),
(22, 8, 'kokkrch crealbar 25g', '', '4.00', 'pc', '21.95', '87.8'),
(23, 8, 'oreo cooki cvrdchc', '', '2.00', 'pc', '37.50', '75'),
(24, 8, 'oishi offchoc', '', '1.00', 'pc', '59.50', '59.5'),
(25, 8, 'smb bth sp blu75g', '', '1.00', 'pc', '44.50', '44.5'),
(26, 8, 'luffa wooden brown', '', '1.00', 'pc', '79.75', '79.75'),
(27, 8, 'candyman kendi min', '', '1.00', 'pc', '42.95', '42.95'),
(28, 8, 'chupa jelis lolis 90', '', '1.00', 'pc', '54.50', '54.5'),
(29, 8, 'annies choso 24s', '', '3.00', 'pc', '32.50', '97.5'),
(30, 8, 'ovaltine swschc 29.6', '', '3.00', 'pc', '15', '45'),
(31, 8, 'monde dssrt brwnies', '', '4.00', 'pc', '13.50', '54'),
(32, 8, 'monde dssrt caramel', '', '2.00', 'pc', '13.50', '27'),
(33, 8, 'marc leon can 500ml', '', '2.00', 'pc', '57.50', '115'),
(34, 8, 'skcrispy spicy dilis', '', '1.00', 'pc', '44.50', '44.5'),
(35, 8, 'colgate adwtx2', '', '1.00', 'pc', '149', '149'),
(36, 8, 'am pepr whle12s', '', '1.00', 'pc', '9', '9'),
(37, 8, 'maped m7 eraser 2s n', '', '2.00', 'pc', '44.75', '89.5'),
(38, 8, 'jishioffvncrml', '', '1.00', 'pc', '59.50', '59.5'),
(39, 8, 'maggi magic sarap', '', '1.00', 'pc', '18.50', '18.5'),
(40, 8, 'jelly belly assrd10f', '', '1.00', 'pc', '54.50', '54.5'),
(41, 8, 'knorr cubes 60g', '', '1.00', 'pc', '28.50', '28.5'),
(42, 8, 'eden fld chs 165', '', '2.00', 'pc', '49.50', '99'),
(43, 8, 'royal elbow mc 400g', '', '1.00', 'pc', '52.50', '52.5'),
(44, 8, 'nestle kokocrunch', '', '1.00', 'pc', '154.50', '154.5'),
(45, 8, 'tpnutmnch6x162', '', '1.00', 'pc', '98', '98'),
(46, 8, 'hgllery sprayer', '', '1.00', 'pc', '49.75', '49.75'),
(47, 8, 'eredyaab1k4s', '', '1.00', 'pc', '71.25', '71.25'),
(48, 8, 'smb bspstrp yllw90', '', '1.00', 'pc', '99.50', '99.5'),
(49, 8, 'regent ikasn squid60', '', '7.00', 'pc', '17.50', '122.5'),
(50, 8, 'lala squidee swt spcy', '', '2.00', 'pc', '19.50', '39'),
(51, 8, 'jj mr chips 100g', '', '2.00', 'pc', '17.95', '35.9'),
(52, 8, 'owny fbcn kkrf 1720ml', '', '2.00', 'pc', '139.75', '279.5'),
(53, 8, 'ariel det pwsf 680g', '', '2.00', 'pc', '99.75', '199.5'),
(54, 8, 'joy 1em 495m12s198', '', '1.00', 'pc', '189', '189'),
(55, 8, 'zonrx csb lssmfsh900', '', '1.00', 'pc', '59.75', '59.75'),
(56, 8, 'znrxgnt le clean 900', '', '1.00', 'pc', '39.75', '39.75'),
(57, 8, 'moby choco burst 32g', '', '4.00', 'pc', '6', '24'),
(58, 8, 'ggoss bbq 100g', '', '1.00', 'pc', '19.5', '19.5'),
(59, 8, 'jj tostillas 72g', '', '2.00', 'pc', '29.50', '59'),
(60, 8, 'leslie ban ch160g', '', '2.00', 'pc', '59.50', '119'),
(61, 8, 'ggoose cheese 100g', '', '1.00', 'pc', '21.5', '21.5'),
(62, 8, 'fcastell capped shar', '', '1.00', 'pc', '24.75', '24.75'),
(63, 8, 'oicpttabkdptto85g', '', '2.00', 'pc', '20.95', '41.9'),
(64, 8, 'mjuan paombog 90g', '', '2.00', 'pc', '18.5', '37'),
(65, 8, 'mjuan suka sili 90g', '', '1.00', 'pc', '19.5', '19.5'),
(66, 9, 'marlboro ice blue', '', '2.00', 'pk', '97', '194'),
(67, 10, 'purified water', '', '2.00', 'pc', '30', '60'),
(68, 11, 'wilkins', '', '1.00', '6ltr', '85', '85'),
(69, 11, 'marlboro', '', '1.00', 'pck', '110', '110'),
(70, 12, 'marlboro', '', '1.00', 'pck', '130', '130'),
(71, 13, 'kyk soldering iron k', '', '1.00', 'pc', '240', '240'),
(72, 14, 'medium egg', '', '1.00', 'tray', '200', '200'),
(73, 15, 'marlboro', '', '3.00', 'pck', '110', '330'),
(74, 16, 'michelle sabado water delivery', '', '1.00', 'tip', '150', '150'),
(75, 17, 'water delivery', '', '1.00', 'tip', '150', '150'),
(76, 18, 'water delivery', '', '1.00', 'tip', '150', '150'),
(77, 19, 'water delivery', '', '1.00', 'tip', '150', '150'),
(78, 20, 'water delivery', '', '1.00', 'tip', '150', '150'),
(79, 21, 'water delivery', '', '1.00', 'tip', '150', '150'),
(80, 22, 'water delivery', '', '1.00', 'tip', '150', '150'),
(81, 23, 'water delivery', '', '1.00', 'tip', '150', '150'),
(82, 24, 'water delivery', '', '1.00', 'tip', '150', '150'),
(83, 25, 'water delivery', '', '1.00', 'tip', '150', '150'),
(84, 26, 'water delivery', '', '1.00', 'tip', '150', '150'),
(85, 27, 'water delivery', '', '1.00', 'tip', '150', '150'),
(86, 28, 'water delivery', '', '1.00', 'tip', '150', '150'),
(87, 29, 'water delivery', '', '1.00', 'tip', '150', '150'),
(88, 30, 'water delivery', '', '1.00', 'tip', '150', '150'),
(89, 31, 'water delivery', '', '1.00', 'tip', '150', '150'),
(90, 32, 'water delivery', '', '1.00', 'tip', '150', '150'),
(91, 33, 'wash', '', '1.00', 'service', '640', '640'),
(92, 33, 'dry', '', '1.00', 'service', '640', '640'),
(93, 33, 'foldpack', '', '1.00', 'service', '135', '135'),
(94, 33, 'drate', '', '1.00', 'service', '120', '120'),
(95, 33, 'breeze', '', '1.00', 'service', '160', '160'),
(96, 33, 's-pint', '', '1.00', 'service', '160', '160'),
(97, 34, 'purofoed h20', '', '10.00', 'pc', '25', '250'),
(98, 35, 'y35', 'laundry', '1.00', 'service', '616', '616'),
(99, 35, 'y55', 'laundry', '1.00', 'service', '233.75', '233.75'),
(100, 36, 'mineral', '', '2.00', 'gal', '30', '60'),
(101, 37, 'choco malows 36g', '', '6.00', 'pc', '11.75', '70.5'),
(102, 37, 'jasmin 25kg', '', '1.00', 'pc', '1323', '1323'),
(103, 37, 's[rite', '', '1.00', 'pc', '15', '15'),
(104, 38, 'avarin 300mg cap 100s', '', '10.00', 'capsule', '15', '150'),
(105, 38, 'buscopan 10mg tab 120s', '', '4.00', 'pck', '24.15', '96.6'),
(106, 38, 'danes custard slice', '', '6.00', 'pc', '18', '108'),
(107, 38, 'danes jellly ', '', '3.00', 'pc', '15', '45'),
(108, 38, 'eco bag squre large', '', '1.00', 'pc', '30', '30'),
(109, 38, 'gardenia classic white bread 600g', '', '1.00', 'pck', '69.80', '69.8'),
(110, 38, 'levocin 750mg tab 10s', '', '7.00', 'tab', '103', '721'),
(111, 38, 'lm curly spaghetti 90g ', '', '6.00', 'pc', '19.45', '116.7'),
(112, 38, 'mucosta 100mg tab 100s', '', '10.00', 'tab', '33.2', '332'),
(113, 38, 'nature-c 500mg cap 100s', '', '1.00', 'cap', '10', '10'),
(114, 38, 'nature spring 1l', '', '12.00', 'btl', '20', '240'),
(115, 38, 'prazole plus 40mg cap 30s', '', '2.00', 'cap', '69.15', '138.3'),
(116, 38, 'virlix 10mg tab 50s', '', '3.00', 'tab', '27.35', '82.05'),
(117, 39, 'avarin 300mg/60mg cap 100s', '', '10.00', 'cap', '15', '150'),
(118, 39, 'mucsota 100mg tab 100s', '', '10.00', 'tab', '33.20', '332'),
(119, 39, 'natures spring 350ml', '', '1.00', 'btlof40', '400', '400'),
(120, 39, 'novas soap 90g', '', '2.00', 'bar', '143', '286'),
(121, 39, 'panto plus 40mg/40mg cap 30s', '', '2.00', 'cap', '63.40', '126.8'),
(122, 39, 'virlix 10mg tab 50s', '', '10.00', 'tab', '27.35', '273.5'),
(123, 39, 'zykast 10mg/5mg tab 30s', '', '10.00', 'tab', '33.65', '336.5'),
(124, 40, 'egg large piece ', '', '7.00', 'pc', '10', '70'),
(125, 40, 'kopiko brown twin 55f', '', '11.00', 'pc', '10', '110'),
(126, 41, 'culinaryyxchngfrnrstr', '', '1.00', 'pc', '217', '217'),
(127, 41, 'brewtmeenglbrkfastte', '', '1.00', 'pc', '209', '209'),
(128, 41, 'oldtown3in1clssicwht', '', '1.00', 'pc', '180', '180'),
(129, 41, 'wk all purpose flour', '', '1.00', 'pc', '88', '88'),
(130, 41, 'energen vanilla ', '', '7.00', 'pc', '9', '63'),
(131, 41, 'gardeniawhitebrdclsc', '', '1.00', 'pc', '59', '59'),
(132, 41, 'amrby hopia roll mon', '', '1.00', 'pc', '44', '44'),
(133, 41, 'marby hopia dice 200', '', '1.00', 'pc', '42.50', '42.5'),
(134, 41, 'cream odoublechococh', '', '1.00', 'pc', '78.75', '78.75'),
(135, 41, 'chocolate crunch', '', '3.00', 'pc', '20.50', '61.5'),
(136, 41, 'chichronnimngjuanskn', '', '1.00', 'pc', '20', '20'),
(137, 41, 'regenttempura100g', '', '1.00', 'pc', '22', '22'),
(138, 41, 'hersheyskissesevrydy', '', '1.00', 'pc', '155', '155'),
(139, 41, 'palmerchcgrvstne', '', '3.00', 'pc', '75', '225'),
(140, 41, 'kremtopnondairycream', '', '1.00', 'pc', '82', '82'),
(141, 41, 'coffeematecreamer450', '', '1.00', 'pc', '86.50', '86.5'),
(142, 41, 'marlboro lights', '', '2.00', 'pc', '116', '232'),
(143, 41, 'bounty fresh large e', '', '1.00', 'pc', '105', '105'),
(144, 41, 'downykontrakulob720m', '', '1.00', 'pc', '139', '139'),
(145, 41, 'scotchbrite dc netsp', '', '1.00', 'pc', '41.75', '41.75'),
(146, 41, 'joydwliqantibcbottle', '', '1.00', 'pc', '99', '99'),
(147, 41, 'sanicare bt 400s 2p', '', '1.00', 'pc', '163', '163'),
(148, 41, 'feathersoftmaxtwltwn', '', '1.00', 'pc', '95', '95'),
(149, 41, 'dovebdywashfreshmois', '', '1.00', 'pc', '195', '195'),
(150, 41, 'dr kaufmansulfursoa', '', '1.00', 'pc', '40', '40'),
(151, 41, 'b3palmolivebrspflwls', '', '1.00', 'pc', '47', '47'),
(152, 41, 'efficascentoil xstre', '', '1.00', 'pc', '70', '70'),
(153, 42, 'barriofiesta bagoong', '', '1.00', 'pc', '82.75', '82.75'),
(154, 43, 'luckymespecialba', '', '18.00', 'pc', '4', '72'),
(155, 43, 'greattastebrown', '', '10.00', 'pc', '9', '90'),
(156, 43, 'oldtown3in1clssicwht', '', '1.00', 'pc', '180', '180'),
(157, 43, 'wk all purpose flour', '', '1.00', 'pc', '55.25', '55.25'),
(158, 43, 'maggimagicsarap', '', '2.00', 'pc', '48', '96'),
(159, 43, 'sbsugarrefined1kg', '', '1.00', 'pc', '54', '54'),
(160, 43, 'sure buy green mongo', '', '1.00', 'pc', '56.95', '56.95'),
(161, 43, 'ucf banana ketchup', '', '1.00', 'pc', '57', '57'),
(162, 43, 'dm fit style spag sc', '', '1.00', 'pc', '24.75', '24.75'),
(163, 43, 'mamasitasoysters', '', '2.00', 'pc', '12', '24'),
(164, 43, 'dmpineappletidbi', '', '3.00', 'pc', '13.5', '40.5'),
(165, 43, 'yupihalloweengum', '', '4.00', 'pc', '59', '236'),
(166, 43, 'palmerchcpmpknplamcf', '', '1.00', 'pc', '75', '75'),
(167, 43, 'pamlerchcsklldblcrsp', '', '1.00', 'pc', '95', '95'),
(168, 43, 'locohalloweeneyeball', '', '1.00', 'pc', '45', '45'),
(169, 43, 'finisourtonguestrawb', '', '1.00', 'pc', '69', '69'),
(170, 43, 'alaskacondensadavalu', '', '1.00', 'pc', '59', '59'),
(171, 43, 'nestleallpurposecrea', '', '1.00', 'pc', '59', '59'),
(172, 43, 'angelcoffeecream', '', '2.00', 'pc', '33.75', '67.5'),
(173, 43, 'winemakersreservemer', '', '1.00', 'pc', '239', '239'),
(174, 43, 'winemakersrescaberne', '', '1.00', 'pc', '239', '239'),
(175, 43, '0.165kg mzbaguiobeans kg', '', '1.00', 'kg', '19.80', '19.8'),
(176, 43, '1.03kg jgroundporkextra', '', '1.00', 'kg', '298.70', '298.7'),
(177, 43, '1.045kg magnoliacs quart', '', '1.00', 'kg', '193.33', '193.33'),
(178, 43, '2.16kg magnoliacs neck', '', '1.00', 'kg', '216.50', '216.5'),
(179, 43, 'lambwestonffcrinklec', '', '1.00', 'pc', '189', '189'),
(180, 43, 'cdo regular swee', '', '2.00', 'pc', '90', '180'),
(181, 43, 'purefoods hneycu', '', '2.00', 'pc', '185', '370'),
(182, 43, 'swiftchickenfranche', '', '1.00', 'pc', '160', '160'),
(183, 43, 'b2arielsnrisefresh68', '', '1.00', 'pc', '159', '159'),
(184, 43, 'joydwlkalamansi500ml', '', '1.00', 'pc', '99', '99'),
(185, 43, 'sbsmarttiecoloredtbx', '', '1.00', 'pc', '239', '239'),
(186, 43, 'sanicare kt 2x60 jum', '', '1.00', 'pc', '113', '113'),
(187, 43, 'pedigreedrybeef vege', '', '1.00', 'pc', '539', '539'),
(188, 43, 'pedigree canbeef', '', '2.00', 'pc', '96.50', '193'),
(189, 43, 'pedigreechickenc', '', '2.00', 'pc', '34.50', '69'),
(190, 43, 'vitapet caned do', '', '2.00', 'pc', '119', '238'),
(191, 43, 'eveready1215aashdbat', '', '1.00', 'pc', '71.25', '71.25'),
(192, 44, 'feeder', '', '1.00', '', '100', '100'),
(193, 45, 'coke', '', '1.00', 'pc', '70', '70'),
(194, 45, 'suka', '', '2.00', 'pc', '20', '40'),
(195, 46, '.92 aussie fresh str', '', '1.00', 'kg', '686.32', '686.32'),
(196, 47, 'cherub baby wipes 50+5 pack', '', '1.00', 'pc', '61.25', '61.25'),
(197, 47, 'toily bath tissue 6s pack', '', '1.00', 'pc', '52.25', '52.25'),
(198, 48, 'cknjoy wspaghett', '', '2.00', 'pc', '99', '198'),
(199, 48, '1 buko 3pies', '', '1.00', 'pc', '89', '89'),
(200, 49, 'wk all purpose flour', '', '1.00', 'pc', '55.25', '55.25'),
(201, 49, '0.24 mzbroccolilocal', '', '1.00', 'kg', '115.20', '115.2'),
(202, 49, '1.06 aussie fresh str', '', '1.00', 'kg', '811.96', '811.96'),
(203, 49, 'ssgreenpeas16oz', '', '1.00', 'oz', '113.50', '113.5'),
(204, 49, 'charmeepantylinergog', '', '1.00', 'pc', '18.5', '18.5'),
(205, 49, '1.99 magnoliacs breas', '', '1.00', 'kg', '364.17', '364.17'),
(206, 50, 'america bulk cargo plants vs zombies roadblocks zombie potato ray jmgo wall sunflower doll', '', '1.00', 'pc', '637', '637'),
(207, 53, 'cknjoy wplbk ', '', '2.00', 'pc', '150', '300'),
(208, 53, 'buko 3pies', '', '2.00', 'pc', '89', '178'),
(209, 53, 'plbk', '', '3.00', 'pc', '99', '297'),
(210, 54, 'gvscn da chw tb', '', '2.00', 'tab', '142.75', '285.5'),
(211, 54, 'panto+40mg/30mg', '', '3.00', 'pc', '59', '177'),
(213, 55, 'panto+40mg/30mg', '', '3.00', 'pc', '59', '177'),
(214, 56, 'gvscn da chw tb', '', '2.00', 'tab', '142.75', '285.5'),
(215, 56, 'panto+40mg/30mg', '', '3.00', 'pc', '59', '177'),
(216, 57, 'joy fashion accessories reg', '', '1.00', 'pc', '33', '33'),
(217, 58, 'water delivery', '', '1.00', 'tip', '150', '150'),
(218, 59, 'johnniewredla700ml', '', '1.00', 'pc', '615', '615'),
(219, 61, 'jboilregular50ml', '', '1.00', 'pc', '54', '54'),
(220, 65, 'axe body sprat black 150ml', '', '2.00', 'pc', '209', '418'),
(221, 66, 'urinorm 40mg tab 30s', '', '7.00', 'tab', '31.15', '218.05'),
(222, 69, 'bernard', '', '1.00', 'pc', '300', '300'),
(223, 69, 'floppy bird stall', '', '1.00', 'pc', '350', '350'),
(224, 70, 'gvscn da chw t8', '', '1.00', 'tab', '142.75', '142.75'),
(225, 71, 'lanz kim bangachon', '', '1.00', 'salary', '25000', '25000'),
(226, 72, 'tie wire', '', '3.00', 'kg', '80', '240'),
(227, 72, 'assorted nails', '', '5.00', 'kg', '70', '350'),
(228, 73, 'duplicate keys', '', '2.00', 'pc', '30', '60'),
(229, 74, 'taxi', '', '1.00', 'fare', '150', '150'),
(230, 75, 'bag feeder', '', '2.00', 'pc', '50', '100'),
(231, 76, 'pcf fpsio d', '', '2.00', 'pc', '99', '198'),
(232, 76, 'fpsio', '', '1.00', 'pc', '50', '50'),
(233, 76, 's roll', '', '1.00', 'pc', '50', '50'),
(234, 77, 'hd lqd ccln lem 600ml', '', '1.00', 'pc', '130.25', '130.25'),
(235, 78, '1.146 pork pigue so', '', '1.00', 'kg', '252.12', '252.12'),
(236, 79, 'puri-ice tube ice small', '', '2.00', 'pc', '36', '72'),
(237, 80, 'pdf dmpl d', '', '1.00', 'pc', '99', '99'),
(238, 80, 's roll', '', '1.00', 'pc', '50', '50'),
(239, 80, 'fpsio', '', '1.00', 'pc', '50', '50'),
(240, 81, 'nike sandal', '', '2.00', 'pc', '200', '400'),
(241, 82, 'marlboro 20s flip top', '', '2.00', 'pcs', '97', '194'),
(242, 83, 'fish food', '', '1.00', 'pc', '30', '30'),
(243, 86, 'advance payment labor water tank installation', '', '1.00', 'labor', '4000', '4000'),
(244, 87, 'tif103 eurostar jetshllowwe', '', '1.00', 'pc', '9999.50', '9999.5'),
(245, 89, '1/2 ribs', '', '3.00', 'pcs', '339', '1017'),
(246, 89, 'fries', '', '1.00', 'pc', '120', '120'),
(247, 89, 'service charge', '', '1.00', 'service', '57', '57'),
(248, 93, 'taxi', '', '1.00', 'fare', '109', '109'),
(249, 94, 'marlboro', '', '2.00', 'packs', '100', '200'),
(250, 94, 'load globe', '', '1.00', 'load', '103', '103'),
(251, 94, 'load smart', '', '1.00', 'load', '103', '103'),
(252, 95, 'taxi', '', '1.00', 'fare', '54.50', '54.5'),
(253, 101, 'yumburger', '', '3.00', 'pcs', '35', '105'),
(254, 105, 'spag ', '', '2.00', 'pcs', '50', '100'),
(255, 105, 'yumburger', '', '2.00', 'pcs', '35', '70'),
(256, 106, 'load globe', '', '1.00', 'load', '50', '50'),
(257, 107, 'marlboro iceblastpk', '', '1.00', 'pack', '110', '110'),
(258, 109, 'robert skalli fortant de franc', '', '1.00', 'pc', '495', '495'),
(259, 111, 'mineral water', '', '10.00', 'gal', '25', '250'),
(260, 113, 'dsl techro 11.577l', '', '5.00', 'pcs', '100', '500'),
(261, 115, 'diesel', '', '12.00', 'liters', '43.190', '499.7083'),
(262, 116, 'load', '', '2.00', 'load', '105', '210'),
(263, 116, 'marlboro', '', '1.00', 'pack', '130', '130'),
(264, 116, 'tomato sauce', '', '1.00', 'pc', '26', '26'),
(265, 117, 'dd donut 12', '', '1.00', 'pc', '249', '249'),
(266, 117, 'prem munch 25', '', '1.00', 'pc', '250', '250'),
(267, 118, 'mcchicken me', '', '2.00', 'pcs', '160', '320'),
(268, 118, 'qpc me', '', '1.00', 'pc', '193', '193'),
(269, 121, 'bimegalighter', '', '1.00', 'pc', '210', '210'),
(270, 122, 'ariel 825g down', '', '1.00', 'pc', '98.75', '98.75'),
(271, 122, 'downy 800ml par', '', '1.00', 'pc', '136.75', '136.75'),
(272, 123, 'jimbm blk750', '', '1.00', 'pc', '736.75', '736.75'),
(273, 124, 'tray egg', '', '1.00', 'tray', '178', '178'),
(274, 125, 'tinapa', '', '1.00', 'kg', '190', '190'),
(275, 126, 'taxi', '', '1.00', 'fare', '123', '123'),
(276, 127, 'eggs', '', '2.00', 'dozen', '74', '148'),
(277, 128, 'garlic', '', '1.00', 'pc', '45', '45'),
(278, 128, 'asin', '', '1.00', 'pc', '15', '15'),
(279, 129, 'sibuyas', '', '1.00', 'kg', '30', '30'),
(280, 130, 'load smart', '', '1.00', 'load', '102', '102'),
(281, 130, 'load globe', '', '1.00', 'load', '102', '102'),
(282, 131, 'taxi', '', '1.00', 'fare', '58.50', '58.5'),
(283, 132, 'kalamansi', '', '1.00', 'kg', '40', '40'),
(284, 133, 'dm tomato sauce', '', '3.00', 'pcs', '20.50', '61.5'),
(285, 134, 'potatos', '', '2.00', 'kg', '50', '100'),
(286, 135, 's/s malathion', '', '1.00', 'pc', '98', '98'),
(287, 136, 'ts houseware', '', '1.00', 'pc', '67.75', '67.75'),
(288, 137, 'talong', '', '1.00', 'kg', '50', '50'),
(289, 137, 'calamansi', '', '1.00', 'kg', '40', '40'),
(290, 138, 'gbpclaswhbr600greg', '', '2.00', 'pcs', '69', '138'),
(291, 139, 'marlboro blue ftb 20s', '', '1.00', 'pack', '80', '80'),
(292, 139, 'maggi magic sarap 120g', '', '1.00', 'pc', '40', '40'),
(293, 140, 'photocopy', '', '1.00', 'pc', '60', '60'),
(294, 141, 'egg', '', '1.00', 'dozen', '78', '78'),
(295, 142, 'taxi', '', '1.00', 'fare', '58.50', '58.5'),
(296, 143, 'taxi', '', '1.00', 'fare', '58.50', '58.5'),
(297, 144, 'potatoes', '', '1.00', 'kg', '125', '125'),
(298, 144, 'carrots', '', '1.00', 'kg', '20', '20'),
(299, 144, 'niyog', '', '1.00', 'kg', '100', '100'),
(300, 144, 'bell pepper', '', '1.00', 'pc', '5', '5'),
(301, 145, 'load', '', '1.00', 'load', '100', '100'),
(302, 146, 'egg', '', '10.00', 'pcs', '8', '80'),
(303, 146, 'icecream cup', '', '2.00', 'pcs', '16', '32'),
(304, 146, 'cornbits', '', '1.00', 'pc', '12', '12'),
(305, 146, '1.5l coke', '', '1.00', 'pc', '60', '60'),
(306, 146, 'red label', '', '1.00', 'pc', '850', '850'),
(307, 147, 'dental', '', '1.00', 'service', '800', '800'),
(308, 148, 'cricketlightereoectrn', '', '1.00', 'pc', '42.50', '42.5'),
(309, 149, 'gi wire #12', '', '2.00', 'kg', '90', '180'),
(310, 150, 'dickies promo sv mu', '', '1.00', 'pc', '2000', '2000'),
(311, 151, 'mzpotatoregular', '', '1.00', 'pc', '57.97', '57.97'),
(312, 152, 'a6l0027 kyk tie twist 50mm', '', '3.00', 'pcs', '118', '354'),
(313, 152, 'erb0827 fndn gi w', '', '2.00', 'pcs', '119.75', '239.5'),
(314, 153, 'roll plastic green garden/yard', '', '15.00', 'pcs', '95', '1425'),
(315, 156, 'taxi', '', '1.00', 'fare', '128.50', '128.5'),
(316, 157, 'taxi', '', '1.00', 'fare', '166', '166'),
(317, 158, 'royal spaghetti', '', '1.00', 'pc', '53', '53'),
(318, 158, 'marlboro 20s ic', '', '1.00', 'pack', '84.75', '84.75'),
(319, 159, 'eggs', '', '1.00', 'tray', '190', '190'),
(320, 160, 'load', '', '2.00', 'load', '100', '200'),
(321, 161, 'soda/juice', '', '2.00', 'pcs', '65', '130'),
(322, 161, 'bread/biscuit', '', '2.00', 'pc', '64', '128'),
(323, 162, 'taxi', '', '1.00', 'fare', '58.50', '58.5'),
(324, 163, 'taxi', '', '1.00', 'fare', '39', '39'),
(325, 164, 'atiacor leuer', '', '1.00', 'kg', '160', '160'),
(326, 165, 'pork', '', '2.00', 'kg', '200', '400'),
(327, 167, 'zykast tab10/5mg', '', '10.00', 'tab', '31.50', '315'),
(328, 167, 'xenical cap120mg', '', '10.00', 'tab', '36.50', '365'),
(329, 168, 'taxi', '', '1.00', 'fare', '119', '119'),
(330, 169, 'turon with langka', '', '1.00', 'pc', '20', '20'),
(331, 170, 'loafbread', '', '1.00', 'pc', '38', '38'),
(332, 171, 'dr kaufmannsulfu', '', '3.00', 'pcs', '40', '120'),
(333, 171, 'b2belointnsvwbkj', '', '3.00', 'pcs', '114.50', '343.5'),
(334, 171, 'betadinefemininewash', '', '1.00', 'pc', '189', '189'),
(335, 171, 'olayregensuprsturesp', '', '1.00', 'pc', '1399', '1399'),
(336, 171, 'olayregeneristfacial', '', '1.00', 'pc', '223', '223'),
(337, 171, 'johnsonbabyoillite1', '', '1.00', 'pc', '109', '109'),
(338, 171, 'johnsonbbyoilaloeve', '', '1.00', 'pc', '109', '109'),
(339, 172, 'espresso a', '', '1.00', 'pc', '130', '130'),
(340, 173, 'marl icy 20s', '', '1.00', 'pc', '84.75', '84.75'),
(341, 174, 'rstd chx swt jbo', '', '2.00', 'pcs', '240', '480'),
(342, 175, 'romana small', '', '3.00', 'pcs', '100', '300'),
(343, 176, 'niyog', '', '2.00', 'pcs', '40', '80'),
(344, 176, 'hipon', '', '1.00', 'kg', '150', '150'),
(345, 177, 'feeders', '', '1.00', 'pc', '100', '100'),
(346, 178, 'chicken', '', '1.00', 'pc', '240', '240'),
(347, 179, 'marlboro ice blast fvb20s pack', '', '1.00', 'pack', '88.50', '88.5'),
(348, 180, 'purinase 100mg tab 100s', '', '2.00', 'tab', '11.50', '23'),
(349, 181, 'taxi', '', '1.00', 'fare', '152', '152'),
(350, 182, 'taxi', '', '1.00', 'fare', '158', '158'),
(351, 183, 'botchoy', '', '1.00', 'kg', '60', '30'),
(352, 183, 'paminta', '', '1.00', 'kg', '40', '20'),
(353, 184, 'niyog', '', '1.00', 'pc', '30', '30'),
(354, 184, 'siki', '', '1.00', 'pc', '5', '5'),
(355, 185, 'carrots', '', '1.00', 'pc', '50', '50'),
(356, 185, 'broccoli', '', '1.00', 'pc', '30', '30'),
(357, 186, 'colli flower', '', '0.75', 'kg', '100', '75'),
(358, 187, 'marlboro', '', '4.00', 'packs', '85', '340'),
(359, 188, 'marl icy 20s', '', '1.00', 'pack', '84.75', '84.75'),
(360, 189, 'load smart', '', '1.00', 'load', '100', '100'),
(361, 189, 'load tnt', '', '1.00', 'load', '22', '22'),
(362, 189, 'petchay', '', '1.00', 'pc', '30', '30'),
(363, 190, 'downy 300ml', '', '1.00', 'pc', '136.70', '136.7'),
(364, 190, 'fafa mouse trap', '', '1.00', 'pc', '18.50', '18.5'),
(365, 191, 'taxi', '', '1.00', 'fare', '45', '45'),
(366, 192, 'kalabasa', '', '1.00', 'pc', '37', '37'),
(367, 192, 'camote', '', '1.00', 'pc', '41', '41'),
(368, 192, 'petchay', '', '1.00', 'pc', '30', '30'),
(369, 193, 'loaf', '', '1.00', 'pc', '44', '44'),
(370, 193, 'marlboro', '', '2.00', 'pack', '120', '240'),
(371, 194, 'st peter life plan', '', '1.00', 'pc', '650', '650'),
(372, 195, 'st peter life plan', '', '1.00', 'pc', '650', '650'),
(373, 196, 'st peter life plan', '', '1.00', 'pc', '650', '650'),
(374, 197, 'gaviscon double acti', '', '8.00', 'pc', '19.25', '154'),
(375, 197, 'gaviscon double acti', '', '8.00', 'pc', '19.25', '154'),
(376, 197, 'gaviscon double acti', '', '8.00', 'pc', '19.25', '154'),
(377, 198, 'marl ico 20s', '', '1.00', 'pack', '84.75', '84.75'),
(378, 200, 'roses', '', '12.00', 'pc', '70', '840'),
(379, 200, 'gypso', '', '1.00', 'pc', '150', '150'),
(380, 200, 'misty', '', '2.00', 'pc', '150', '300'),
(381, 200, 'stargazer', '', '1.00', 'pc', '170', '170'),
(382, 200, 'carnation', '', '8.00', 'pc', '25', '200'),
(383, 200, 'kuya', '', '1.00', 'labor', '250', '250'),
(384, 201, 'top-bree a', '', '1.00', 'pc', '1180', '1180'),
(385, 201, 'teriyaki', '', '1.00', 'pc', '480', '480'),
(386, 201, 'fububone', '', '1.00', 'pc', '200', '200'),
(387, 201, 'dentas', '', '1.00', 'pc', '30', '30'),
(388, 202, 'sa cq 8065 black 37 nelson', '', '1.00', 'pc', '399', '399'),
(389, 203, 'load', '', '1.00', 'load', '30', '30'),
(390, 204, 'fish food', '', '1.00', 'pc', '30', '30'),
(391, 205, 'hk 12kls', '', '65.00', 'pc', '12', '780'),
(392, 205, 'assorted 44 kls', '', '35.00', 'pc', '44', '1540'),
(393, 206, 'prem 12', '', '1.00', 'pc', '399', '399'),
(394, 206, 'bucket 12', '', '1.00', 'pc', '349', '349'),
(395, 207, 'frabelle salmon head', '', '2.00', 'pc', '141.50', '283'),
(396, 207, 'gf petchay native', '', '1.00', 'kg', '30.42', '30.42'),
(397, 207, 'gf tomato native', '', '1.00', 'kg', '24.15', '24.15'),
(398, 207, 'krknr sngngsmplc40g', '', '1.00', 'pc', '22.10', '22.1'),
(399, 211, 'william lawsons blended sc', '', '1.00', 'pc', '420', '420'),
(400, 211, 'fibisco chocolate crunchies', '', '1.00', 'pc', '71', '71'),
(401, 212, 'atopiclair cream 40 ml', '', '1.00', 'pc', '586.45', '586.45'),
(402, 212, 'baby wipes cherub unscented', '', '1.00', 'pc', '97.65', '97.65'),
(403, 212, 'ipi efficascent oil reg 100ml', '', '1.00', 'pc', '96.25', '96.25'),
(404, 212, 'nizoral sachet 2% 48s', '', '3.00', 'pc', '49.15', '147.45'),
(405, 215, 'g&w ice chest box2', '', '1.00', 'pc', '160', '160'),
(406, 217, 'gvscn da chw tb', '', '3.00', 'tab', '142.75', '428.25'),
(407, 219, 'stargazer', '', '1.00', 'pc', '180', '180'),
(408, 220, 'white rose', '', '6.00', 'pc', '20', '120'),
(409, 221, 'roses', '', '1.00', 'bld', '100', '100'),
(410, 223, 'rice', '', '5.00', 'kg', '55', '275'),
(411, 223, 'rice', '', '5.00', 'kg', '50', '250'),
(412, 224, 'mona canola oil 1l bottle', '', '1.00', 'pc', '118.50', '118.5'),
(413, 224, 'joy hd liq cp kal 190ml bottle', '', '2.00', 'pc', '44.75', '89.5'),
(414, 226, 'feeders', '', '1.00', 'pc', '100', '100'),
(415, 227, 'f uniform', '', '1.00', 'pc', '3565', '3565'),
(416, 231, 'chili dog s', '', '3.00', 'pc', '140', '420'),
(417, 231, 'hamburger', '', '1.00', 'pc', '160', '160'),
(418, 231, 'chili & cheese fries', '', '1.00', 'pc', '140', '140'),
(419, 231, 'nachos', '', '1.00', 'pc', '135', '135'),
(420, 232, 'pm1 paa with rice', '', '3.00', 'pc', '99', '297'),
(421, 233, '2299 mens caps asstd design', '', '1.00', 'pc', '99', '99'),
(422, 233, 'mario d boro childrens shoes', '', '1.00', 'pc', '809.77', '809.77'),
(423, 233, 'rusty lopez children shoes', '', '1.00', 'pc', '1599.95', '1599.95'),
(424, 233, 'eco bag', '', '1.00', 'pc', '35', '35'),
(425, 235, 'gran tierra white', '', '1.00', 'pc', '335', '335'),
(426, 236, 'pedigreedrybeef vege', '', '1.00', 'pc', '539', '539'),
(427, 236, 'pedigree canbeef', '', '3.00', 'pc', '96.50', '289.5'),
(428, 237, 'bimoli refill', '', '1.00', 'pc', '89', '89'),
(429, 237, 'bimoli refill', '', '1.00', 'pc', '89', '89'),
(430, 238, 'biogesic 500mg tab 500s', '', '5.00', 'tab', '3.90', '19.5'),
(431, 238, 'lagaflex 300mg/250mg tab 100s', '', '6.00', 'tab', '28.55', '171.3'),
(432, 239, 'feeders', '', '1.00', 'pc', '50', '50'),
(433, 240, 'halloween trick or treat', '', '1.00', 'pc', '699', '699'),
(434, 241, 'marlboroiceblastpk', '', '2.00', 'pack', '87.50', '175'),
(435, 243, '12 drums', '', '1.00', 'pc', '13400', '13400'),
(436, 243, 'delivery charge', '', '1.00', 'fare', '400', '400'),
(437, 244, 'marlboro menthol blue', '', '2.00', 'pack', '88', '176'),
(438, 245, 'asstd donuts', '', '1.00', 'box', '330', '330'),
(439, 249, 'marlboro red flipto 20s', '', '3.00', 'pack', '77.50', '232.5'),
(440, 249, 'marlboro blue fliptiop 20s', '', '1.00', 'pack', '77.50', '77.5'),
(441, 250, 'glumet tab 500mg', '', '15.00', 'tab', '9', '135'),
(442, 251, 'voltaren tab50mg', '', '15.00', 'tab', '34.25', '513.75'),
(443, 252, 'zykast tab 10/5mg', '', '10.00', 'tab', '31.50', '315'),
(444, 252, 'myonal tab 50mg', '', '6.00', 'tab', '26.75', '160.5'),
(445, 252, 'xenical cap120mg', '', '6.00', 'cap', '36.50', '219'),
(446, 253, 'avarin 300mg/60mg cap 100s', '', '3.00', 'cap', '15', '45'),
(447, 253, 'oilganics 10ml', '', '6.00', 'pc', '15.15', '90.9'),
(448, 253, 'panto plus 40mg/30mg cap 30s', '', '2.00', 'cap', '63.30', '126.6'),
(449, 253, 'tai chi ginger plaster jr 4s-big', '', '2.00', 'pack', '127.05', '254.1'),
(450, 258, 'gas', '', '1.00', 'pc', '620', '620'),
(451, 259, 'tnk lpg', '', '1.00', 'pc', '650', '650'),
(452, 261, 'green bag big', '', '2.00', 'pc', '39', '78'),
(453, 262, 'cake & bread', '', '1.00', 'pc', '840', '840'),
(454, 263, 'johnie walker', '', '1.00', 'pc', '772', '772'),
(455, 263, 'groceries', '', '1.00', 'pc', '55', '55'),
(456, 263, 'coke 1.5l regul', '', '1.00', 'pc', '59.50', '59.5'),
(457, 263, 'coke 1.5l regul', '', '1.00', 'pc', '59.50', '59.5'),
(458, 264, 'shl 60590 25x16', '', '1.00', 'pc', '2100', '2100'),
(459, 265, 'taxi', '', '1.00', 'fare', '203.50', '203.5'),
(460, 266, 'taxi', '', '1.00', 'fare', '70', '70'),
(461, 267, 'beef', '', '1.00', 'kg', '350', '350'),
(462, 267, 'tomato', '', '1.00', 'kg', '50', '50'),
(463, 267, 'pork', '', '1.00', 'kg', '190', '190'),
(464, 267, 'calamansi', '', '1.00', 'kg', '15', '15'),
(465, 267, 'wonsoy', '', '1.00', 'pack', '50', '50'),
(466, 267, 'alantro', '', '1.00', 'pc', '50', '50'),
(467, 267, 'onion leeks', '', '1.00', 'pc', '10', '10'),
(468, 267, 'bones', '', '1.00', 'kg', '40', '40'),
(469, 267, 'tilapia', '', '1.00', 'kg', '140', '140'),
(470, 267, 'ponto bonito', '', '1.00', 'kg', '85', '85'),
(471, 267, 'bones', '', '1.00', 'kg', '50', '50'),
(472, 267, 'eggs', '', '1.00', 'dozen', '60', '60'),
(473, 267, 'laman', '', '1.00', 'kg', '125', '125'),
(474, 269, 'johniew1lred', '', '1.00', 'pc', '792', '792'),
(475, 270, 'coke reg 1.5l', '', '1.00', 'pc', '58', '58'),
(476, 271, 'egg', '', '1.00', 'dozen', '80', '80'),
(477, 271, 'coke', '', '1.00', 'pc', '75', '75'),
(478, 273, 'bag', '', '1.00', 'pc', '958', '958'),
(479, 275, 'voltaren tab 50mg', '', '6.00', 'tab', '34.25', '205.5'),
(480, 276, 'pork kasim so kilos', '', '1.00', 'kg', '275.42', '275.42'),
(481, 276, 'pork sinigang cut kilos', '', '1.00', 'kg', '259.42', '259.42'),
(482, 277, 'marl icy 20s', '', '1.00', 'pack', '84.75', '84.75'),
(483, 278, 'cauli', '', '1.00', 'kg', '120', '120'),
(484, 278, 'taxi', '', '1.00', 'fare', '250', '250'),
(485, 278, 'egg', '', '1.00', 'tray', '175', '175'),
(486, 280, 'feeders', '', '1.00', 'pc', '100', '100'),
(487, 281, 'voltaren tab 50mg', '', '3.00', 'tab', '34.25', '102.75'),
(488, 281, 'voltaren emul 20g', '', '1.00', 'pc', '367.75', '367.75'),
(489, 282, 'marlboro', '', '2.00', 'packs', '90', '180'),
(490, 282, 'tinapa', '', '1.00', 'kg', '100', '100'),
(491, 283, 'cauli', '', '1.00', 'pc', '180', '180'),
(492, 283, 'y.c.', '', '1.00', 'pc', '25', '25'),
(493, 283, 'f.b', '', '1.00', 'pc', '50', '50'),
(494, 283, 's.p', '', '1.00', 'pc', '88', '88'),
(495, 283, 'saging', '', '1.00', 'pc', '175', '175'),
(496, 283, 'potato', '', '1.00', 'pc', '70', '70'),
(497, 283, 'carrots', '', '1.00', 'pc', '40', '40'),
(498, 285, 'egg', '', '1.00', 'dozen', '75', '75'),
(499, 285, 'marlboro gold', '', '1.00', 'pack', '90', '90'),
(500, 285, 'marlboro blue', '', '1.00', 'pack', '90', '90'),
(501, 286, 'feeders', '', '1.00', 'pc', '100', '100'),
(502, 287, 'arabica coffee', '', '1.00', 'kg', '340', '340'),
(503, 288, 'lpg tank', '', '2.00', 'pc', '680', '1360'),
(504, 289, 'footspa w/ pedicure', '', '4.00', 'service', '900', '3600'),
(505, 289, 'color treatment', '', '1.00', 'service', '1000', '1000'),
(506, 289, 'haircut', '', '2.00', 'service', '150', '300'),
(507, 289, 'rebond color brazillian', '', '1.00', 'service', '5000', '5000'),
(508, 290, 'fish food', '', '1.00', 'pc', '50', '50'),
(509, 290, 'lumpia wrap', '', '1.00', 'pc', '35', '35'),
(510, 290, 'celery', '', '1.00', 'pc', '10', '10'),
(511, 290, 'basket', '', '6.00', 'pc', '120', '720'),
(512, 291, 'prime', '', '1.00', 'pc', '65', '65'),
(513, 291, 'paint', '', '1.00', 'pc', '65', '65'),
(514, 291, 'paint brush', '', '2.00', 'pc', '50', '100'),
(515, 291, 'callalilies', '', '7.00', 'pc', '20', '140'),
(516, 291, '2 gerbeza', '', '1.00', 'pc', '475', '475'),
(517, 291, 'ribbon + gifty', '', '1.00', 'pc', '250', '250'),
(518, 291, 'bundle rose', '', '2.00', 'pc', '100', '200'),
(519, 291, 'pec ponson', '', '3.00', 'pc', '30', '90'),
(520, 291, 'roll plastic', '', '1.00', 'pc', '40', '40'),
(521, 291, 'snapdragon', '', '1.00', 'pc', '80', '80'),
(522, 292, 'cedula paul fee', '', '1.00', 'pc', '626', '626'),
(523, 292, 'cedula mara fee', '', '1.00', 'pc', '229.40', '229.4'),
(524, 292, 'tip sec barangay', '', '1.00', 'pc', '300', '300'),
(525, 292, 'anaa by', '', '1.00', 'pc', '240', '240'),
(526, 292, 'plastic', '', '1.00', 'set', '29', '29'),
(527, 293, 'taxi', '', '1.00', 'fare', '189', '189'),
(528, 293, 'jollibee', '', '1.00', 'order', '209', '209'),
(529, 293, 'saba', '', '1.00', 'pc', '50', '50'),
(530, 293, 'gatorade', '', '1.00', 'pc', '40', '40'),
(531, 293, 'fish food', '', '1.00', 'pc', '20', '20'),
(532, 294, 'toys', '', '1.00', 'pc', '35', '35'),
(533, 294, 'toys', '', '1.00', 'pc', '40', '40'),
(534, 294, 'others', '', '1.00', 'pc', '90', '90'),
(535, 295, 'toys', '', '1.00', 'pc', '50', '50'),
(536, 296, 'mixed pulutan', '', '2.00', 'pc', '210', '420'),
(537, 296, 'fried chicken', '', '1.00', 'pc', '360', '360'),
(538, 296, 'crispy pata', '', '1.00', 'pc', '390', '390'),
(539, 296, 'miki bihon bilao', '', '1.00', 'pc', '565', '565'),
(540, 297, 'delivery charge', '', '1.00', 'pc', '1500', '1500'),
(541, 298, 'laundry', '', '1.00', 'service', '1355', '1355'),
(542, 299, 'transpo & meals', '', '1.00', 'pc', '1000', '1000'),
(543, 300, 'nul letta', '', '1.00', 'pc', '175', '175'),
(544, 301, 'labor', '', '1.00', 'labor', '850', '850'),
(545, 302, 'materials', '', '1.00', 'pc', '1500', '1500'),
(546, 303, 'installation pressure pump', '', '1.00', 'labor', '1000', '1000'),
(547, 304, 'breaker tipping', '', '1.00', 'labor', '2000', '2000'),
(548, 305, 'wansoy', '', '6.00', 'pack', '20', '120'),
(549, 306, 'gas', '', '1.00', 'pc', '1000', '1000'),
(550, 308, '04 slvtechron 18.035l', '', '1.00', 'l', '1000', '1000'),
(551, 310, 'brown rice', '', '1.00', 'kg', '160', '160'),
(552, 310, 'mocha', '', '1.00', 'pc', '95', '95'),
(553, 310, 's.m.w', '', '2.00', 'pc', '120', '240'),
(554, 310, 'walnut w/ cream c.', '', '1.00', 'pc', '95', '95'),
(555, 311, 'lpg gasul', '', '1.00', 'pc', '620', '620'),
(556, 312, 'dapo', '', '3.00', 'pc', '30', '90'),
(557, 313, 'water bill', '', '1.00', 'bill', '13227', '13227'),
(558, 319, 'taxi', '', '1.00', 'fare', '105.50', '105.5'),
(559, 320, 'taxi', '', '1.00', 'fare', '115', '115'),
(560, 322, 'marlboro', '', '2.00', 'packs', '140', '280'),
(561, 324, '08 dsl techron 6.947l', '', '1.00', 'l', '300', '300'),
(562, 325, 'canon pg-745 black cartridge', '', '1.00', 'pc', '755', '755'),
(563, 326, 'tailoring accs', '', '1.00', 'pc', '25', '25'),
(564, 327, 'school supply', '', '1.00', 'pc', '20', '20'),
(565, 328, 'cartolina', '', '1.00', 'pc', '11', '11'),
(566, 328, 'verna wrapper', '', '1.00', 'pc', '11', '11'),
(567, 329, 'nylon', '', '1.00', 'pc', '20', '20'),
(568, 330, 'elecgtric bill', '', '1.00', 'bill', '5308.19', '5308.19'),
(569, 331, 'non wove', '', '1.00', 'pc', '19.75', '19.75'),
(570, 331, 'pvc book', '', '1.00', 'pc', '42.75', '42.75'),
(571, 332, 'daflon 500mg tab 30s', '', '10.00', 'tab', '52.80', '528'),
(572, 332, 'ponstan sf 500mg cap 100s', '', '10.00', 'cap', '43.50', '435'),
(573, 332, 'xenical 120mg cap 21s', '', '12.00', 'cap', '42.85', '514.2');

-- --------------------------------------------------------

--
-- Table structure for table `expenses`
--

DROP TABLE IF EXISTS `expenses`;
CREATE TABLE IF NOT EXISTS `expenses` (
  `expenseID` bigint(25) NOT NULL AUTO_INCREMENT,
  `identity` enum('Personal','Company') NOT NULL,
  `referenceNumber` text,
  `date` varchar(255) DEFAULT NULL,
  `totalAmount` varchar(255) NOT NULL,
  `nameOfSupplier` varchar(255) CHARACTER SET utf8 DEFAULT NULL,
  `remarks` varchar(255) DEFAULT NULL,
  `modeOfPayment` enum('Bank','Cash') NOT NULL,
  `dateIssued` varchar(255) DEFAULT NULL,
  `checkNumber` text,
  `timestamp` timestamp(6) NOT NULL,
  `adminID` int(255) NOT NULL,
  PRIMARY KEY (`expenseID`)
) ENGINE=InnoDB AUTO_INCREMENT=336 DEFAULT CHARSET=utf8mb4;

--
-- Dumping data for table `expenses`
--

INSERT INTO `expenses` (`expenseID`, `identity`, `referenceNumber`, `date`, `totalAmount`, `nameOfSupplier`, `remarks`, `modeOfPayment`, `dateIssued`, `checkNumber`, `timestamp`, `adminID`) VALUES
(1, 'Personal', '010001448827', '2019-11-11', '500.14', 'caltex', '', 'Cash', '', '', '2019-11-16 02:21:14.000000', 1),
(2, 'Personal', '00-704366', '2019-11-05', '46', 'the pacific marketplace', '', 'Cash', '', '', '2019-11-16 02:23:07.000000', 1),
(3, 'Personal', '00021491739', '2019-11-01', '194', 'tiongsan supermarket & hardware', '', 'Cash', '', '', '2019-11-16 02:26:10.000000', 1),
(4, 'Personal', '00015468', '2019-11-01', '929', 'mcdonalds - city hall insular', '', 'Cash', '', '', '2019-11-16 02:29:41.000000', 1),
(5, 'Personal', '00090247', '2019-11-03', '26.25', 'sunshine supermarket', '', 'Cash', '', '', '2019-11-16 02:35:09.000000', 1),
(6, 'Personal', '0411', '2019-11-04', '150', 'oryls jewelry shop', '', 'Cash', '', '', '2019-11-16 02:36:29.000000', 1),
(7, 'Personal', '0000117360', '2019-11-02', '1081.25', 'watsons', '', 'Bank', '2019-11-02', 'mastercard - 003346', '2019-11-16 02:45:19.000000', 1),
(8, 'Personal', '12188984', '2019-11-02', '4828.82', 'savemore', '', 'Bank', '2019-11-02', '000955', '2019-11-16 03:13:52.000000', 1),
(9, 'Personal', '0009985', '2019-10-30', '194', 'rising sun commercial', '', 'Cash', '', '', '2019-11-16 03:15:51.000000', 1),
(10, 'Personal', 'none', '2019-11-03', '60', 'stolo store', 'written in orange paper.', 'Cash', '', '', '2019-11-16 03:17:25.000000', 1),
(11, 'Personal', '2083', '2019-11-03', '195', 'sari sari store', '', 'Cash', '', '', '2019-11-16 03:22:59.000000', 1),
(12, 'Personal', 'none', '2019-11-03', '130', 'none', 'dark yellow recipe', 'Cash', '', '', '2019-11-16 03:24:08.000000', 1),
(13, 'Personal', '0006 02085426', '2019-11-03', '240', 'the diy shop corp.', '', 'Cash', '', '', '2019-11-16 03:25:26.000000', 1),
(14, 'Personal', '03654', '2019-11-03', '200', 'annie lorie t. espales', '', 'Cash', '', '', '2019-11-16 03:39:16.000000', 1),
(15, 'Personal', '2086', '2019-11-04', '330', 'sari sari store', '', 'Cash', '', '', '2019-11-16 03:44:49.000000', 1),
(16, 'Personal', '0907', '2019-09-07', '150', 'baguio water delivery', '', 'Cash', '', '', '2019-11-16 03:48:56.000000', 1),
(17, 'Personal', 'none', '2019-09-27', '150', 'baguio water delivery', 'michelle sabado', 'Cash', '', '', '2019-11-16 03:51:36.000000', 1),
(18, 'Personal', '1030-31', '2019-10-30', '150', 'baguio water delivery', 'michelle sabado', 'Cash', '', '', '2019-11-16 03:52:29.000000', 1),
(19, 'Personal', '1022-29', '2019-10-23', '150', 'baguio water delivery', 'michelle sabado', 'Cash', '', '', '2019-11-16 03:53:23.000000', 1),
(20, 'Personal', '1013-15', '2019-10-13', '150', 'baguio water delivery', 'michelle sabado', 'Cash', '', '', '2019-11-16 03:54:20.000000', 1),
(21, 'Personal', '1021-12', '2019-10-21', '150', 'baguio water delivery', 'michelle sabado', 'Cash', '', '', '2019-11-16 03:55:11.000000', 1),
(22, 'Personal', '1024', '2019-10-24', '150', 'baguio water delivery', 'michelle sabado', 'Cash', '', '', '2019-11-16 03:55:56.000000', 1),
(23, 'Personal', '1111-28', '2019-11-11', '150', 'baguio water delivery', 'michelle sabado', 'Cash', '', '', '2019-11-16 03:58:21.000000', 2),
(24, 'Personal', '1105-19', '2019-11-06', '150', 'baguio water delivery', 'michelle sabado', 'Cash', '', '', '2019-11-16 03:58:50.000000', 2),
(25, 'Personal', '0723', '2019-07-23', '150', 'baguio water delivery', 'michelle sabado', 'Cash', '', '', '2019-11-16 03:59:28.000000', 2),
(26, 'Personal', '0707', '2019-07-07', '150', 'baguio water delivery', 'michelle sabado', 'Cash', '', '', '2019-11-16 04:00:10.000000', 2),
(27, 'Personal', '0616-32', '2019-06-17', '150', 'baguio water delivery', 'michelle sabado', 'Cash', '', '', '2019-11-16 04:12:40.000000', 2),
(28, 'Personal', '0703', '2019-07-03', '150', 'baguio water delivery', 'michelle sabado', 'Cash', '', '', '2019-11-16 04:13:44.000000', 2),
(29, 'Personal', '0715-19', '2019-07-16', '150', 'baguio water delivery', 'michelle sabado', 'Cash', '', '', '2019-11-16 04:14:32.000000', 2),
(30, 'Personal', '0709-37', '2019-07-10', '150', 'baguio water delivery', 'michelle sabado', 'Cash', '', '', '2019-11-16 04:15:32.000000', 2),
(31, 'Personal', '1105', '2019-11-05', '150', 'baguio water delivery', 'michelle sabado', 'Cash', '', '', '2019-11-16 04:16:15.000000', 2),
(32, 'Personal', '0405', '2019-04-05', '150', 'baguio water delivery', 'michelle sabado', 'Cash', '', '', '2019-11-16 04:18:10.000000', 2),
(33, 'Personal', '007301', '2019-08-29', '1855', 'hometown laundry capl', '', 'Cash', '', '', '2019-11-16 04:20:53.000000', 2),
(34, 'Personal', 'none', '2019-02-18', '250', 'none', 'yellow recipe', 'Cash', '', '', '2019-11-16 04:21:55.000000', 2),
(35, 'Personal', '012896', '2019-03-18', '849.75', 'camp 7 plant site laundry service', 'yabao cashier', 'Cash', '', '', '2019-11-16 04:24:29.000000', 2),
(36, 'Personal', '2084', '2019-11-03', '60', 'sari sari store', '', 'Cash', '', '', '2019-11-16 04:26:42.000000', 2),
(37, 'Personal', '00000244775', '2019-10-21', '1408.5', 'manssion minimart inc.', '', 'Cash', '', '', '2019-11-16 04:33:08.000000', 2),
(38, 'Personal', '0000209', '2019-10-21', '2139.4500000000003', 'curamed pharmacy', '', 'Cash', '', '', '2019-11-16 04:39:18.000000', 2),
(39, 'Personal', '001-0000524132', '2019-09-04', '1904.8', 'curamed pharmacy', '', 'Cash', '', '', '2019-11-24 07:49:17.000000', 2),
(40, 'Personal', '00000224719', '2019-08-31', '180', 'manssion minimart inc.', '', 'Cash', '', '', '2019-11-24 07:55:10.000000', 2),
(41, 'Personal', '055747', '2019-10-21', '2860', 'curamed pharacy', '', 'Bank', '2019-10-21', 'wisecard - 1032030007737', '2019-11-24 08:26:49.000000', 2),
(42, 'Personal', '058746', '2019-10-15', '82.75', 'rustan supercenters', '', 'Cash', '', '', '2019-11-24 08:28:28.000000', 2),
(43, 'Personal', '057902', '2019-10-09', '5281.53', 'rustan supercenters', '', 'Bank', '2019-10-10', 'wisecard - 1032030007737', '2019-11-24 11:15:58.000000', 2),
(44, 'Personal', '86730', '2019-10-14', '100', 'dats petshop', '', 'Cash', '', '', '2019-11-24 11:17:11.000000', 2),
(45, 'Personal', 'none', '2019-11-17', '110', 'lerna store', '', 'Cash', '', '', '2019-11-24 11:20:11.000000', 2),
(46, 'Personal', '055744', '2019-11-17', '686.32', 'rustan supercenters', '', 'Cash', '', '', '2019-11-24 11:23:49.000000', 2),
(47, 'Personal', '00759635', '2019-10-17', '113.5', 'c & triple a supermarket', '', 'Cash', '', '', '2019-11-24 11:29:17.000000', 2),
(48, 'Personal', '02222917', '2019-10-15', '287', 'jollibee upper road ext', '', 'Cash', '', '', '2019-11-24 11:31:02.000000', 2),
(49, 'Personal', '055672', '2019-10-16', '1478.5800000000002', 'rustan supercenters', '', 'Cash', '', '', '2019-11-24 11:38:37.000000', 2),
(50, 'Personal', 'nlphcb0005627492', 'none', '637', 'shoppee/lazada', 'chinese delivery from cang ku p', 'Cash', '', '', '2019-11-24 11:42:15.000000', 2),
(51, 'Personal', '0000114', '2018-09-09', '2533.35', 'curamed pharmacy', '', 'Cash', '', '', '2019-11-24 11:49:27.000000', 2),
(52, 'Personal', '00988015', '2019-06-15', '1084.15', 'c & triple a supermarket', '', 'Cash', '', '', '2019-11-24 11:50:33.000000', 2),
(53, 'Personal', '01229302', '2019-10-16', '775', 'jollibee upper road ext', '', 'Cash', '', '', '2019-11-24 11:56:09.000000', 2),
(54, 'Personal', '106481261539', '2019-10-25', '462.5', 'mercury drug abanao', '', 'Cash', '', '', '2019-11-24 12:04:22.000000', 2),
(57, 'Personal', '105-000027798', '2019-10-25', '33', 'tiongsan harrison supermarket', '', 'Cash', '', '', '2019-11-24 12:05:33.000000', 2),
(58, 'Personal', '1026', '2019-10-26', '150', 'baguio water delivery', 'michelle sabado', 'Cash', '', '', '2019-11-24 12:07:29.000000', 2),
(59, 'Personal', '2226455', '2019-10-24', '615', 'philippine seven corporation', '', 'Cash', '', '', '2019-11-24 12:09:19.000000', 2),
(60, 'Personal', '056192', '2019-10-24', '1895.35', 'rustan supercenters', '', 'Cash', '', '', '2019-11-24 12:10:58.000000', 2),
(61, 'Personal', '46000020', '2019-10-28', '54', '7-eleven 105 lpez bldg., session rd', '', 'Cash', '', '', '2019-11-24 22:10:09.000000', 2),
(62, 'Personal', '01731', '2019-10-28', '506.75', 'mercury drug porta vaga', '', 'Cash', '', '', '2019-11-24 22:18:53.000000', 2),
(63, 'Personal', 'si no. 001-0000551583', '2019-10-27', '806.40', 'curamed pharmacy', '', 'Cash', '', '', '2019-11-24 22:21:06.000000', 2),
(64, 'Personal', '057031', '2019-10-27', '10881.34', 'rustan supercenters', '', 'Bank', '2019-10-27', 'wisecard - 1032030007737', '2019-11-24 22:24:13.000000', 2),
(65, 'Personal', '003-000211130', '2019-10-28', '418', 'victoria supermarket magsaysay ave', '', 'Cash', '', '', '2019-11-24 22:25:51.000000', 2),
(66, 'Personal', '001-0000551796', '2019-10-28', '218.04999999999998', 'curamed pharmacy', '', 'Cash', '', '', '2019-11-24 22:27:14.000000', 2),
(67, 'Personal', '271-005-00094963', '2019-10-26', '5475.10', 'puregold marcos highway', '', 'Bank', '2019-10-26', 'bdo debit - 5318', '2019-11-24 22:29:40.000000', 2),
(68, 'Personal', '00000248557', '2019-10-29', '1452.75', 'manssion minimart inc.', '', 'Cash', '', '', '2019-11-24 22:30:54.000000', 2),
(69, 'Personal', 'none', '2019-10-01', '650', 'none', '', 'Cash', '', '', '2019-11-24 22:36:33.000000', 2),
(70, 'Personal', '106582492882', '2019-10-27', '142.75', 'mercury drug porta vaga', '', 'Cash', '', '', '2019-11-24 22:38:27.000000', 2),
(71, 'Personal', 'none', '2019-08-17', '25000', 'lanz kim bangachon', 'water replacement and pipping + repair cash advance for materials', 'Cash', '', '', '2019-11-24 22:45:59.000000', 2),
(72, 'Personal', 'none', '2019-07-16', '590', 'portside marketing', '', 'Cash', '', '', '2019-11-24 22:48:12.000000', 2),
(73, 'Personal', 'none', '2019-07-05', '60', 'pauline', '', 'Cash', '', '', '2019-11-24 22:49:30.000000', 2),
(74, 'Personal', '00016683', '2019-07-09', '150', 'jems ad taxi', '', 'Cash', '', '', '2019-11-24 22:52:56.000000', 2),
(75, 'Personal', '85674', '2019-08-21', '100', 'dats petshop', '', 'Cash', '', '', '2019-11-24 22:54:15.000000', 2),
(76, 'Personal', '10004288', '2019-08-20', '298', 'chowking abanao', '', 'Cash', '', '', '2019-11-24 22:56:11.000000', 2),
(77, 'Personal', '006055929', '2019-08-20', '130.25', 'c & triple a supermarket', '', 'Cash', '', '', '2019-11-24 22:58:19.000000', 2),
(78, 'Personal', '00-117236', '2019-08-23', '252.12', 'granville supplychain management corp', '', 'Cash', '', '', '2019-11-24 23:01:03.000000', 2),
(79, 'Personal', '00813704', '2019-08-27', '72', 'csi warehouse club inc.', '', 'Cash', '', '', '2019-11-24 23:03:43.000000', 2),
(80, 'Personal', 'none', '2019-04-02', '199', 'chowking magic mall mangaldan', '', 'Cash', '', '', '2019-11-24 23:08:24.000000', 2),
(81, 'Personal', '003451', '2019-08-22', '400', 'jocelyn balabag', '', 'Cash', '', '', '2019-11-24 23:09:12.000000', 2),
(82, 'Personal', '00021664422', '2019-11-21', '194', 'tiongsan supermarket & hardware', '', 'Cash', '', '', '2019-11-24 23:10:52.000000', 2),
(83, 'Personal', '87468', '2019-11-24', '30', 'dats petshop', '', 'Cash', '', '', '2019-11-24 23:12:06.000000', 2),
(84, 'Personal', '101196', '2019-08-17', '2054', 'lucas wire plaza and electrical supply', '', 'Cash', '', '', '2019-11-24 23:13:08.000000', 2),
(85, 'Personal', '00214398', '2019-08-15', '5470.87', 'c & triple a supermarket', '', 'Bank', '2019-08-15', 'bdo debit - 5318', '2019-11-24 23:17:44.000000', 2),
(86, 'Personal', 'none', '2019-08-19', '4000', 'chuck samson', '', 'Cash', '', '', '2019-11-24 23:23:30.000000', 2),
(87, 'Personal', '02', '2019-08-17', '9999.5', 'the diy shop corp', '', 'Cash', '', '', '2019-11-24 23:26:09.000000', 2),
(88, 'Personal', '11025446c', '2019-08-13', '298', 'mcdonalds insular city hall', '', 'Cash', '', '', '2019-11-24 23:27:50.000000', 2),
(89, 'Personal', '6623', '2019-08-17', '1194', 'roadhouse barn restaurant', '', 'Cash', '', '', '2019-11-24 23:30:15.000000', 2),
(90, 'Personal', 'none', '2019-08-10', '2541.25', 'rustan supercenters', 'reference number not readable', 'Bank', '2019-08-10', 'wisecard - 1032030007737', '2019-11-24 23:38:35.000000', 2),
(91, 'Personal', '001-0000513799', '2019-08-13', '809.80', 'curamed pharmacy', '', 'Cash', '', '', '2019-11-24 23:39:36.000000', 2),
(92, 'Personal', '17743', '2019-08-16', '1687', 'spinners world', '', 'Cash', '', '', '2019-11-24 23:40:27.000000', 2),
(93, 'Personal', '1865', '2019-07-29', '109', 'jjjas taxi', '', 'Cash', '', '', '2019-11-24 23:41:35.000000', 2),
(94, 'Personal', 'none', '2019-07-29', '406', 'none', 'sold to gloria', 'Cash', '', '', '2019-11-24 23:43:54.000000', 2),
(95, 'Personal', '13614', '2019-07-27', '54.5', 'trelton taxi', '', 'Cash', '', '', '2019-11-24 23:46:27.000000', 2),
(96, 'Personal', '1234406', '2019-06-23', '412', 'mcdonalds baguio sunshine', '', 'Cash', '', '', '2019-11-24 23:47:55.000000', 2),
(97, 'Personal', '001-0000490725', '2019-06-23', '749.20', 'curamed pharmacy', '', 'Cash', '', '', '2019-11-24 23:49:16.000000', 2),
(98, 'Personal', '000000051216', '2019-06-13', '2295', 'shakeys pizza kissad road', '', 'Bank', '2019-06-13', 'bdo debit - 5318', '2019-11-24 23:52:09.000000', 2),
(99, 'Personal', '00131755', '2019-06-16', '1458', 'c & triple a supermarket', '', 'Cash', '', '', '2019-11-24 23:53:25.000000', 2),
(100, 'Personal', '00131754', '2019-06-16', '5748', 'c & triple a supermarket', '', 'Bank', '2019-06-16', 'mastercard - 51 - 034843', '2019-11-24 23:59:37.000000', 2),
(101, 'Personal', '02194919', '2019-08-06', '105', 'jollibee upper road ext', '', 'Cash', '', '', '2019-11-25 00:00:32.000000', 2),
(102, 'Personal', '001-0000511169', '2019-08-07', '1595.55', 'curamed pharmacy', '', 'Cash', '', '', '2019-11-25 00:01:32.000000', 2),
(103, 'Personal', 'none', '2019-08-07', '465', 'store', 'sold to gloria', 'Cash', '', '', '2019-11-25 00:03:24.000000', 2),
(104, 'Personal', '001-0000508880', '2019-08-02', '138.30', 'curamed pharmacy', '', 'Cash', '', '', '2019-11-25 00:07:16.000000', 2),
(105, 'Personal', '01197212', '2019-08-02', '170', 'jollibee upper road ext', '', 'Cash', '', '', '2019-11-25 00:08:23.000000', 2),
(106, 'Personal', '1', '2019-09-21', '50', '7-11 outlook drive mines view park', '', 'Cash', '', '', '2019-11-25 00:12:27.000000', 2),
(107, 'Personal', '271-003-00147100', '2019-09-29', '110', 'puregold marcos highway', '', 'Cash', '', '', '2019-11-25 00:14:04.000000', 2),
(108, 'Personal', '739368', 'none', '699', 'baguio country club', 'no date and item name', 'Cash', '', '', '2019-11-25 00:15:37.000000', 2),
(109, 'Personal', '0000343064', '2019-05-01', '495', 'inbound pacific', '', 'Cash', '', '', '2019-11-25 00:17:40.000000', 2),
(110, 'Personal', '1105499', '2019-03-26', '559', '7-11 gsis compound, upper session, marcoville', '', 'Cash', '', '', '2019-11-25 00:21:18.000000', 2),
(111, 'Personal', 'none', '2019-11-25', '250', 'frank mineral water', '', 'Cash', '', '', '2019-11-25 00:31:54.000000', 2),
(112, 'Personal', '001-0000564582', '2019-11-25', '350.60', 'curamed pharmacy', '', 'Cash', '', '', '2019-11-25 00:32:54.000000', 2),
(113, 'Personal', '010001287417', '2019-11-25', '500', 'caltex session rd/dps', '', 'Cash', '', '', '2019-11-25 00:35:50.000000', 2),
(114, 'Personal', '060926', '2019-11-25', '3209.36', 'rustan supercenters', '', 'Cash', '', '', '2019-11-25 00:37:32.000000', 2),
(115, 'Personal', '022361', '2019-11-25', '500', 'caltex gsis upper session road', '', 'Cash', '', '', '2019-11-25 00:39:47.000000', 2),
(116, 'Personal', 'none', '2019-09-17', '366', 'tina store', '', 'Cash', '', '', '2019-11-25 00:47:56.000000', 2),
(117, 'Personal', '000000000000015863', '2019-11-25', '499', 'dunkin donuts gsis compund upper session road', '', 'Cash', '', '', '2019-11-25 00:49:51.000000', 2),
(118, 'Personal', '00007246', '2019-11-23', '513', 'mcdonalds insular city hall', '', 'Cash', '', '', '2019-11-25 00:53:04.000000', 2),
(119, 'Personal', '0600552', '2019-11-22', '5534.71', 'rustan supercenters', '', 'Bank', '2019-11-22', 'wisecard - 1032030007737', '2019-11-25 00:54:36.000000', 2),
(120, 'Personal', 'mixed receipts into one', '2019-03-26', '776', 'mixed', 'mixed receipts', 'Cash', '', '', '2019-11-25 00:59:18.000000', 2),
(121, 'Personal', '1040763', '2019-03-31', '210', '7-11 albergo di ferroca', '', 'Cash', '', '', '2019-11-25 01:00:37.000000', 2),
(122, 'Personal', '01125877', '2019-05-02', '235.5', 'sunshine supermart', '', 'Cash', '', '', '2019-11-25 01:19:39.000000', 2),
(123, 'Personal', '00140875', '2019-05-02', '736.75', 'sunshine supermart', '', 'Cash', '', '', '2019-11-25 01:21:04.000000', 2),
(124, 'Personal', '33775', '2019-05-02', '178', 'vegetable retailer', '', 'Cash', '', '', '2019-11-25 01:21:57.000000', 2),
(125, 'Personal', 'none', '2019-05-02', '190', 'none', 'tinapa', 'Cash', '', '', '2019-11-25 01:22:46.000000', 2),
(126, 'Personal', '004843', '2019-04-04', '123', 'constar taxi', '', 'Cash', '', '', '2019-11-25 01:24:17.000000', 2),
(127, 'Personal', '14658', '2019-04-04', '148', 'jinalyn store', '', 'Cash', '', '', '2019-11-25 01:25:13.000000', 2),
(128, 'Personal', 'none', '2019-04-04', '60', 'none', 'garlic & asin', 'Cash', '', '', '2019-11-25 01:27:51.000000', 2),
(129, 'Personal', 'none', '2019-04-04', '30', 'maura', 'sibuyas 1kg', 'Cash', '', '', '2019-11-25 01:28:39.000000', 2),
(130, 'Personal', '000003', '2019-04-04', '204', 'judea t aoas store', '', 'Cash', '', '', '2019-11-25 01:29:43.000000', 2),
(131, 'Personal', '88955', '2019-04-04', '58.5', 'only prince taxi', '', 'Cash', '', '', '2019-11-25 01:30:44.000000', 2),
(132, 'Personal', 'none', '2019-04-04', '40', '11-a house', 'kalamansi 1kg', 'Cash', '', '', '2019-11-25 01:31:34.000000', 2),
(133, 'Personal', '01671359', '2019-04-04', '61.5', 'sunshine supermart', '', 'Cash', '', '', '2019-11-25 01:33:19.000000', 2),
(134, 'Personal', 'none', '2019-04-04', '100', '#403', 'potatos 2kg', 'Cash', '', '', '2019-11-25 01:35:48.000000', 2),
(135, 'Personal', '316674', '2019-04-04', '98', 'pontiac farm supply & general merchandise', '', 'Cash', '', '', '2019-11-25 01:36:57.000000', 2),
(136, 'Personal', '00018572', '2019-04-04', '67.75', 'sunshine supermart', '', 'Cash', '', '', '2019-11-25 01:37:44.000000', 2),
(137, 'Personal', 'none', '2019-05-13', '90', 'none', 'talong and calamansi', 'Cash', '', '', '2019-11-25 01:42:49.000000', 2),
(138, 'Personal', '2427186', '2019-05-13', '138', '7-11 105 lpez bldg., session rd.', '', 'Cash', '', '', '2019-11-25 01:44:20.000000', 2),
(139, 'Personal', '0001163556', '2019-05-13', '120', 'five cents up supermarket inc.', '', 'Cash', '', '', '2019-11-25 01:45:28.000000', 2),
(140, 'Personal', 'none', '2019-05-13', '60', 'none', 'photocopy', 'Cash', '', '', '2019-11-25 01:46:18.000000', 2),
(141, 'Personal', '14859', '2019-05-13', '78', 'jinalyn store', '', 'Cash', '', '', '2019-11-25 01:46:51.000000', 2),
(142, 'Personal', '00014034', '2019-05-14', '58.5', 'lolo idol taxi', '', 'Cash', '', '', '2019-11-25 01:48:56.000000', 2),
(143, 'Personal', '41219', '2019-05-14', '58.5', 'bilmas taxi', '', 'Cash', '', '', '2019-11-25 01:54:50.000000', 2),
(144, 'Personal', 'none', '2019-05-14', '250', 'none', 'potato, carrots, niyog, bell pepper.', 'Cash', '', '', '2019-11-25 01:56:59.000000', 2),
(145, 'Personal', '10102', '2019-05-14', '100', 'ussc abanao', '', 'Cash', '', '', '2019-11-25 01:57:54.000000', 2),
(146, 'Personal', '2119', '2019-11-20', '1034', 'sari sari store 9 gibraltar', '', 'Cash', '', '', '2019-11-25 02:02:44.000000', 2),
(147, 'Personal', '000137', '2019-11-16', '800', 'ian steve bandaay dental clinic', '', 'Cash', '', '', '2019-11-25 02:03:49.000000', 2),
(148, 'Personal', '026557', '2019-11-19', '42.5', 'rustan supercenters', '', 'Cash', '', '', '2019-11-25 02:04:44.000000', 2),
(149, 'Personal', '775738', '2019-11-06', '180', 'pyramid hardware & construction supply', '', 'Cash', '', '', '2019-11-25 02:05:43.000000', 2),
(150, 'Personal', '1502', '2019-11-15', '2000', 'ere-vision optical clinic', '', 'Cash', '', '', '2019-11-25 02:06:54.000000', 2),
(151, 'Personal', '058436', '2019-11-06', '57.97', 'rustan supercenters', '', 'Cash', '', '', '2019-11-25 02:07:35.000000', 2),
(152, 'Personal', '000601111861', '2019-11-10', '593.5', 'the diy shop corp', '', 'Cash', '', '', '2019-11-25 02:10:46.000000', 2),
(153, 'Personal', '00004951', '2019-11-10', '1425', 'tugos trading naguillian road', '', 'Cash', '', '', '2019-11-25 02:11:40.000000', 2),
(154, 'Personal', '00000509', '2019-11-10', '262.86', 'mcdonalds insular city hall', '', 'Cash', '', '', '2019-11-25 02:14:37.000000', 2),
(155, 'Personal', '058335', '2019-11-10', '22203.10', 'rustan supercenters', '', 'Bank', '2019-11-10', 'wisecard - 1032030007737', '2019-11-25 02:18:43.000000', 2),
(156, 'Personal', '14855', '2019-05-15', '128.5', 'zynsam taxi', '', 'Cash', '', '', '2019-11-25 02:26:25.000000', 2),
(157, 'Personal', '023748', '2019-05-15', '166', 'reyjess taxi', '', 'Cash', '', '', '2019-11-25 02:28:30.000000', 2),
(158, 'Personal', '00755025', '2019-05-15', '137.75', 'sunshine supermart', '', 'Cash', '', '', '2019-11-25 02:29:45.000000', 2),
(159, 'Personal', '001257', '2019-05-16', '190', 'a calpotura store', '', 'Cash', '', '', '2019-11-25 02:34:06.000000', 2),
(160, 'Personal', '10363', '2019-05-16', '200', 'palawan express malcolm square', '', 'Cash', '', '', '2019-11-25 02:35:01.000000', 2),
(161, 'Personal', '690268', '2019-05-16', '258', 'none', '', 'Cash', '', '', '2019-11-25 02:36:11.000000', 2),
(162, 'Personal', '00010566', '2019-04-26', '58.5', 'dessert storm taxi', '', 'Cash', '', '', '2019-11-25 02:41:33.000000', 2),
(163, 'Personal', '7988', '2019-05-16', '39', 'j panayo taxi', '', 'Cash', '', '', '2019-11-25 02:46:47.000000', 2),
(164, 'Personal', 'none', '2019-05-16', '160', 'none', '', 'Cash', '', '', '2019-11-25 02:53:22.000000', 2),
(165, 'Personal', 'none', '2019-05-16', '400', 'none', '2kg pork', 'Cash', '', '', '2019-11-25 02:53:58.000000', 2),
(166, 'Personal', '0253', '2019-05-16', '1000', 'orlys jewelry shop', '', 'Cash', '', '', '2019-11-25 02:55:11.000000', 2),
(167, 'Personal', '106481123745', '2019-05-16', '680', 'mercury drug abanao', '', 'Cash', '', '', '2019-11-25 02:56:56.000000', 2),
(168, 'Personal', '013865', '2019-05-17', '119', 'ucazadan taxi', '', 'Cash', '', '', '2019-11-25 02:58:05.000000', 2),
(169, 'Personal', '000481685', '2019-05-17', '20', 'wincornixdorfphil', '', 'Cash', '', '', '2019-11-25 02:59:25.000000', 2),
(170, 'Personal', 'none', '2019-06-14', '38', 'lerna store', '', 'Cash', '', '', '2019-11-25 03:18:54.000000', 2),
(171, 'Personal', '015181', '2019-05-19', '2492.5', 'rustan supercenters', '', 'Cash', '', '', '2019-11-25 03:22:14.000000', 2),
(172, 'Personal', '0000000000000462426', '2019-02-27', '130', 'starbucks coffee bulacan', '', 'Cash', '', '', '2019-11-25 03:23:47.000000', 2),
(173, 'Personal', '00172206', '2019-06-29', '84.75', 'sunshine supermart', '', 'Cash', '', '', '2019-11-25 03:24:31.000000', 2),
(174, 'Personal', '000000004161', '2019-06-27', '480', 'chooks to go 1st kayang', '', 'Cash', '', '', '2019-11-25 03:25:55.000000', 2),
(175, 'Personal', '000888', '2019-04-03', '300', 'genevive r calma', '', 'Cash', '', '', '2019-11-25 03:26:58.000000', 2),
(176, 'Personal', 'none', '2019-06-26', '230', '#4 coconut section', '', 'Cash', '', '', '2019-11-25 03:32:03.000000', 2),
(177, 'Personal', '84528', '2019-06-23', '100', 'dats petshop', '', 'Cash', '', '', '2019-11-25 03:33:29.000000', 2),
(178, 'Personal', '3490806', '2019-06-26', '240', 'chooks to go #17 rajah soliman', '', 'Cash', '', '', '2019-11-25 03:35:24.000000', 2),
(179, 'Personal', '00501196', '2019-06-26', '88.5', 'c & triple a supermarket', '', 'Cash', '', '', '2019-11-25 03:36:21.000000', 2),
(180, 'Personal', '001-0000666802', '2019-06-26', '23', 'curamed pharmacy', '', 'Cash', '', '', '2019-11-25 03:37:12.000000', 2),
(181, 'Personal', '00016869', '2019-06-27', '152', 'vinrmenz taxi', '', 'Cash', '', '', '2019-11-25 03:40:14.000000', 2),
(182, 'Personal', '25221', '2019-06-27', '158', 'mabalot taxi', '', 'Cash', '', '', '2019-11-25 03:40:51.000000', 2),
(183, 'Personal', 'none', '2019-06-27', '50', '#248', 'botchoy & paminta', 'Cash', '', '', '2019-11-25 03:42:01.000000', 2),
(184, 'Personal', 'none', '2019-06-27', '35', '#5 block 4', 'niyog & sili', 'Cash', '', '', '2019-11-25 03:44:38.000000', 2),
(185, 'Personal', 'none', '2019-06-27', '80', 'none', 'carrots and broccoli', 'Cash', '', '', '2019-11-25 03:46:04.000000', 2),
(186, 'Personal', 'none', '2019-06-27', '75', 'none', 'colli flower', 'Cash', '', '', '2019-11-25 03:50:04.000000', 2),
(187, 'Personal', '006036', '2019-04-03', '340', 'cks general merchandise', '', 'Cash', '', '', '2019-11-25 03:51:52.000000', 2),
(188, 'Personal', '00164145', '2019-06-14', '84.75', 'sunshine supermart', '', 'Cash', '', '', '2019-11-25 03:58:08.000000', 2),
(189, 'Personal', 'none', '2019-06-18', '152', 'none', 'eload & petchay', 'Cash', '', '', '2019-11-25 04:01:28.000000', 2),
(190, 'Personal', '08740518', '2019-06-19', '155.2', 'sunshine supermart', '', 'Cash', '', '', '2019-11-25 04:05:43.000000', 2),
(191, 'Personal', '25707', '2019-10-29', '45', 'reymark eden taxi', '', 'Cash', '', '', '2019-11-25 21:04:41.000000', 2),
(192, 'Personal', 'none', '2019-10-29', '108', 'market', '', 'Cash', '', '', '2019-11-25 21:05:43.000000', 2),
(193, 'Personal', 'none', '2019-10-29', '284', 'none', '', 'Cash', '', '', '2019-11-25 21:06:24.000000', 2),
(194, 'Personal', '0417028', '2019-02-27', '650', 'st. peter life plan', 'bognot maria theresa', 'Cash', '', '', '2019-11-25 21:14:16.000000', 2),
(195, 'Personal', '0422448', '2019-03-26', '650', 'st. peter life plan', 'bognot maria', 'Cash', '', '', '2019-11-25 21:14:55.000000', 2),
(196, 'Personal', '0428424', '2019-04-15', '650', 'st. peter life plan', 'bognot maria', 'Cash', '', '', '2019-11-25 21:15:30.000000', 2),
(197, 'Personal', '0000535619', '2019-03-18', '462', 'watsons sm city luneta hill', '', 'Cash', '', '', '2019-11-25 21:17:56.000000', 2),
(198, 'Personal', '00171876', '2019-06-29', '84.75', 'sunshine supermart', '', 'Cash', '', '', '2019-11-25 21:20:13.000000', 2),
(199, 'Personal', '0056', '2019-07-08', '100', 'electrical services naguilian rd', 'received from kevin', 'Cash', '', '', '2019-11-25 21:28:38.000000', 2),
(200, 'Personal', '1054070', '2019-10-11', '1910', 'none', 'flowers', 'Cash', '', '', '2019-11-25 21:33:24.000000', 2),
(201, 'Personal', '0814', '2019-10-13', '1890', 'tim bry vetreats animal clinic', '', 'Cash', '', '', '2019-11-25 21:34:53.000000', 2),
(202, 'Personal', '70088', '2019-07-11', '399', 'united mix creations corporation', '', 'Cash', '', '', '2019-11-25 21:35:36.000000', 2),
(203, 'Personal', '1925-6533-5879', '2019-09-14', '30', '7-11 otek street', '', 'Cash', '', '', '2019-11-25 21:50:15.000000', 2),
(204, 'Personal', '86126', '2019-09-14', '30', 'dats petshop', '', 'Cash', '', '', '2019-11-25 21:50:50.000000', 2),
(205, 'Personal', '18243', '2019-07-30', '2320', 'spinners world', '', 'Cash', '', '', '2019-11-25 21:52:17.000000', 2),
(206, 'Personal', '00-000000000150030', '2019-10-01', '748', 'dunkin donut upper session road', '', 'Cash', '', '', '2019-11-25 21:54:06.000000', 2),
(207, 'Personal', '0000982445', '2019-10-01', '359.67', 'robinsons supermarket porta vaga mall', '', 'Cash', '', '', '2019-11-25 21:56:38.000000', 2),
(208, 'Personal', '01243152', '2019-08-13', '404', 'mang inasal la trinidad', '', 'Cash', '', '', '2019-11-25 21:58:02.000000', 2),
(209, 'Personal', '0200259782', '2019-08-28', '199', 'jollibee baguio harrison', '', 'Cash', '', '', '2019-11-25 21:58:55.000000', 2),
(210, 'Personal', '218733', '2019-08-28', '111', 'cid trading and general merchandise', '', 'Cash', '', '', '2019-11-25 21:59:43.000000', 2),
(211, 'Personal', '00-322406', '2019-08-27', '491', 'magic sales mangaldan', '', 'Cash', '', '', '2019-11-25 22:03:35.000000', 2),
(212, 'Personal', '001-0000524131', '2019-09-04', '927.8', 'curamed pharmacy', '', 'Cash', '', '', '2019-11-25 22:07:02.000000', 2),
(213, 'Personal', '047375', '2019-08-10', '15911.04', 'rustan supercenters', '', 'Bank', '2019-08-10', 'wisecard - 1032030007737', '2019-11-25 22:08:30.000000', 2),
(214, 'Personal', '000357752', '2019-09-04', '1195', 'inbound pacific', '', 'Cash', '', '', '2019-11-25 22:09:32.000000', 2),
(215, 'Personal', '00251004', '2019-08-27', '160', 'csi warehouse club', '', 'Cash', '', '', '2019-11-25 22:10:21.000000', 2),
(216, 'Personal', '048262', '2019-08-20', '6843.66', 'rustan supercenters', '', 'Bank', '2019-08-10', 'wisecard - 1032030007737', '2019-11-25 22:11:14.000000', 2),
(217, 'Personal', '00149', '2019-06-09', '428.25', 'mercury drug session road', '', 'Cash', '', '', '2019-11-25 22:14:58.000000', 2),
(218, 'Personal', '05167057', '2019-06-08', '509', 'jollibee upper road ext.', '', 'Cash', '', '', '2019-11-25 22:18:05.000000', 2),
(219, 'Personal', 'none', '2019-06-30', '180', 'noras flower shop', '', 'Cash', '', '', '2019-11-25 22:19:24.000000', 2),
(220, 'Personal', 'none', '2019-06-30', '120', '#27 stall flower shop harrisson', '', 'Cash', '', '', '2019-11-25 22:20:09.000000', 2),
(221, 'Personal', '13352', '2019-06-30', '100', 'glorys flower shop', '', 'Cash', '', '', '2019-11-25 22:20:53.000000', 2),
(222, 'Personal', '85575', '2019-09-23', '390', '7/11 trading', 'dog food', 'Cash', '', '', '2019-11-25 22:23:55.000000', 2),
(223, 'Personal', '30166', '2019-09-23', '525', 'cristinas store', '', 'Cash', '', '', '2019-11-25 22:24:49.000000', 2),
(224, 'Personal', '00550399', '2019-09-23', '208', 'c & triple a supermarket', '', 'Cash', '', '', '2019-11-25 22:26:01.000000', 2),
(225, 'Personal', '98939', '2019-10-02', '746', 'alabanza meat store', '', 'Cash', '', '', '2019-11-25 22:26:52.000000', 2),
(226, 'Personal', '86480', '2019-10-02', '100', 'dats petshop', '', 'Cash', '', '', '2019-11-25 22:27:37.000000', 2),
(227, 'Personal', '000901', '2019-09-08', '3565', 'pines montessori school inc', 'gabriel bognot uniform', 'Cash', '', '', '2019-11-25 22:29:19.000000', 2),
(228, 'Personal', '12643', '2019-08-14', '3815', 'q-mark build and supply co', 'deliver to larry', 'Cash', '', '', '2019-11-25 22:33:12.000000', 2),
(229, 'Personal', '32765', '2019-08-14', '558', 'maels general merchandise', 'sold to larry', 'Cash', '', '', '2019-11-25 22:34:39.000000', 2),
(230, 'Personal', '20297', '2019-08-25', '11140', 'maels general merchandise', 'sold to natan', 'Cash', '', '', '2019-11-25 22:35:26.000000', 2),
(231, 'Personal', '00123686', '2019-08-29', '855', 'yumi express baguio', '', 'Cash', '', '', '2019-11-25 22:38:06.000000', 2),
(232, 'Personal', '01011711', '2019-08-09', '297', 'prestine pacific food management corp', '', 'Cash', '', '', '2019-11-25 22:38:53.000000', 2),
(233, 'Personal', '210-000362152', '2019-08-13', '2543.7200000000003', 'tiongsan la trinidad', '', 'Cash', '', '', '2019-11-25 22:41:04.000000', 2),
(234, 'Personal', '001-0000522055', '2019-08-30', '933.90', 'curamed pharmacy', '', 'Cash', '', '', '2019-11-25 22:41:50.000000', 2),
(235, 'Personal', '0021786', '2019-08-29', '335', 'titania wine cellar', '', 'Cash', '', '', '2019-11-25 22:43:34.000000', 2),
(236, 'Personal', '052579', '2019-09-23', '828.5', 'rustan supercenters', '', 'Cash', '', '', '2019-11-25 22:44:46.000000', 2),
(237, 'Personal', '960489', '2019-09-25', '178', 'd.m. foodmart', '', 'Cash', '', '', '2019-11-25 22:45:42.000000', 2),
(238, 'Personal', '001-0000534585', '2019-09-25', '190.8', 'curamed pharmacy', '', 'Cash', '', '', '2019-11-25 22:48:20.000000', 2),
(239, 'Personal', '86060', '2019-09-10', '50', 'dats petshop', '', 'Cash', '', '', '2019-11-25 22:49:03.000000', 2),
(240, 'Personal', '532194', '2019-10-29', '699', 'baguio country club', '', 'Cash', '', '', '2019-11-25 22:50:10.000000', 2),
(241, 'Personal', '1530060000148290', '2019-08-29', '175', 'puregold price club inc', '', 'Cash', '', '', '2019-11-25 23:00:42.000000', 2),
(242, 'Personal', '33019', '2019-08-19', '1305', 'maels general merchandise', '', 'Cash', '', '', '2019-11-25 23:01:56.000000', 2),
(243, 'Personal', '1250', '2019-08-19', '13800', 'adkendor auto supply & iron works', '', 'Cash', '', '', '2019-11-25 23:03:44.000000', 2),
(244, 'Personal', '0000003509', '2019-07-18', '176', 'benguet supermart', '', 'Cash', '', '', '2019-11-25 23:05:14.000000', 2),
(245, 'Personal', '25917', '2019-07-05', '330', 'none', 'marcoville baguio city', 'Cash', '', '', '2019-11-25 23:07:13.000000', 2),
(246, 'Personal', '044501', '2019-07-25', '34944.21', 'rustan supercenters', '', 'Bank', '2019-07-25', 'wisecard - 1032030007737', '2019-11-25 23:17:02.000000', 2),
(247, 'Personal', '1530070000116932', '2019-06-27', '3725.10', 'puregold price club inc', '', 'Cash', '', '', '2019-11-25 23:18:29.000000', 2),
(248, 'Personal', '001-0000505393', '2019-07-25', '1341.40', 'curamed pharmacy', '', 'Cash', '', '', '2019-11-25 23:19:30.000000', 2),
(249, 'Personal', '001-000268321', '2019-07-05', '310', 'victoria supermarket session', '', 'Cash', '', '', '2019-11-25 23:20:48.000000', 2),
(250, 'Personal', '106581188738-1', '2019-07-05', '135', 'mercury drug porta vaga', '', 'Cash', '', '', '2019-11-25 23:22:11.000000', 2),
(251, 'Personal', '105052823363', '2019-07-05', '513.75', 'mercury drug session road', '', 'Cash', '', '', '2019-11-25 23:23:20.000000', 2),
(252, 'Personal', '106582432955-2', '2019-07-05', '694.5', 'mercury drug porta vaga', '', 'Cash', '', '', '2019-11-25 23:25:06.000000', 2),
(253, 'Personal', '001-00005074668', '2019-07-30', '516.6', 'curamed pharmacy', '', 'Cash', '', '', '2019-11-25 23:26:51.000000', 2),
(254, 'Personal', '05182593', '2019-07-09', '396', 'jollibee upper road ext', '', 'Cash', '', '', '2019-11-25 23:27:38.000000', 2),
(255, 'Personal', '041201500786147', '2019-07-12', '856', 'mcdonalds insular city hall', '', 'Cash', '', '', '2019-11-25 23:31:59.000000', 2),
(256, 'Personal', '045346', '2019-07-31', '18560.14', 'rustan supercenters', '', 'Bank', '2019-07-31', 'wisecard - 1032030007737', '2019-11-25 23:32:50.000000', 2),
(257, 'Personal', '0200149832', '2019-07-16', '422', 'jollibee agoo la union', '', 'Cash', '', '', '2019-11-25 23:36:27.000000', 2),
(258, 'Personal', '2642', '2019-07-22', '620', 'joe sakiting sari sari store', '', 'Cash', '', '', '2019-11-25 23:37:10.000000', 2),
(259, 'Personal', '001922', '2019-07-22', '650', 'noel d. ticman', '', 'Cash', '', '', '2019-11-25 23:37:46.000000', 2),
(260, 'Personal', '001-0000506203', '2019-07-27', '999.30', 'curamed pharmacy', '', 'Cash', '', '', '2019-11-25 23:38:27.000000', 2),
(261, 'Personal', '1530070000116933', '2019-06-27', '78', 'puregold price club inc', '', 'Cash', '', '', '2019-11-25 23:39:26.000000', 2),
(262, 'Personal', '5807', '2019-06-08', '840', 'le vain bread and coffee', '', 'Cash', '', '', '2019-11-25 23:40:09.000000', 2),
(263, 'Personal', '02301036', '2019-06-07', '946', 'sunshine supermart', '', 'Cash', '', '', '2019-11-25 23:51:17.000000', 2),
(264, 'Personal', '003122', '2019-06-07', '2100', 'nardas handwoven arts & crafts', 'shoal', 'Cash', '', '', '2019-11-25 23:52:09.000000', 2),
(265, 'Personal', '00016677', '2019-06-15', '203.5', 'globit taxi', '', 'Cash', '', '', '2019-11-25 23:53:29.000000', 2),
(266, 'Personal', '83866', '2019-06-15', '70', 'ganduyan tours taxi', '', 'Cash', '', '', '2019-11-25 23:54:12.000000', 2),
(267, 'Personal', 'none', '2019-06-15', '1215', 'mixed', 'palengke', 'Cash', '', '', '2019-11-26 00:44:21.000000', 2),
(268, 'Personal', '00578337', '2019-06-15', '656.21', 'c & triple a supermarket', '', 'Cash', '', '', '2019-11-26 00:45:38.000000', 2),
(269, 'Personal', '00165074', '2019-06-15', '792', 'sunshine supermart', '', 'Cash', '', '', '2019-11-26 00:46:24.000000', 2),
(270, 'Personal', '0000256043', '2019-06-15', '58', 'new super grocery', '', 'Cash', '', '', '2019-11-26 00:47:01.000000', 2),
(271, 'Personal', '14345', '2019-06-30', '155', 'your four i store', '', 'Cash', '', '', '2019-11-26 00:48:14.000000', 2),
(272, 'Personal', '312290', '2019-06-30', '1312.50', 'd.m. foodmart', '', 'Cash', '', '', '2019-11-26 00:48:47.000000', 2),
(273, 'Personal', 'nlphcb0004718820', '2019-06-23', '958', 'entro', 'online', 'Cash', '', '', '2019-11-26 00:51:04.000000', 2),
(274, 'Personal', '01184780', '2019-07-03', '99', 'jollibee upper road ext', '', 'Cash', '', '', '2019-11-26 01:01:38.000000', 2),
(275, 'Personal', '106481164768-3', '2019-07-03', '205.5', 'mercury drug abanao', '', 'Cash', '', '', '2019-11-26 01:03:20.000000', 2),
(276, 'Personal', '00718145', '2019-07-03', '534.84', 'c & triple a supermarket', '', 'Cash', '', '', '2019-11-26 01:07:40.000000', 2),
(277, 'Personal', '00174449', '2019-07-03', '84.75', 'sunshine supermart', '', 'Cash', '', '', '2019-11-26 01:08:53.000000', 2),
(278, 'Personal', 'missing', '2019-06-21', '545', 'missing', 'mixed receipts', 'Cash', '', '', '2019-11-26 01:18:21.000000', 2),
(279, 'Personal', '1015052822778', '2019-07-04', '180', 'mcdonalds assumption', '', 'Cash', '', '', '2019-11-26 01:21:35.000000', 2),
(280, 'Personal', '84755', '2019-07-04', '100', 'dats petshop', '', 'Cash', '', '', '2019-11-26 01:28:04.000000', 2),
(281, 'Personal', '105052822778', '2019-07-04', '470.5', 'mercury drug session road', '', 'Cash', '', '', '2019-11-26 01:29:13.000000', 2),
(282, 'Personal', 'none', '2019-07-04', '280', 'none', 'mixed', 'Cash', '', '', '2019-11-26 01:30:04.000000', 2),
(283, 'Personal', 'none', '2019-06-16', '628', 'none', 'mix', 'Cash', '', '', '2019-11-26 01:31:48.000000', 2),
(284, 'Personal', 'cash voucher', '2019-10-26', '4860', 'maam dey/liza', 'tutorial fees gabriel alfonso bognot', 'Cash', '', '', '2019-11-26 01:34:33.000000', 2),
(285, 'Personal', 'none', '2019-07-06', '255', 'none', 'written in a scrap paper', 'Cash', '', '', '2019-11-26 01:36:17.000000', 2),
(286, 'Personal', '87135', '2019-11-06', '100', 'dats petshop', '', 'Cash', '', '', '2019-11-26 01:40:24.000000', 2),
(287, 'Personal', '80495', '2019-11-06', '340', 'christine olarte general merchandise', '', 'Cash', '', '', '2019-11-26 01:41:21.000000', 2),
(288, 'Personal', '2078', '2019-10-29', '1360', 'sari sari store gibraltar', '', 'Cash', '', '', '2019-11-26 01:42:10.000000', 2),
(289, 'Personal', 'none', '2019-07-08', '9900', 'none', 'written in a check voucher', 'Cash', '', '', '2019-11-26 01:53:18.000000', 2),
(290, 'Personal', 'none', '2019-06-11', '815', 'none', 'missing receipts', 'Cash', '', '', '2019-11-26 01:59:08.000000', 2),
(291, 'Personal', 'none', '2019-06-12', '1505', 'none', 'missing receipts', 'Cash', '', '', '2019-11-26 02:06:24.000000', 2),
(292, 'Personal', 'none', '2019-06-25', '1424.4', 'none', 'missing receipts', 'Cash', '', '', '2019-11-26 02:09:33.000000', 2),
(293, 'Personal', 'mix', '2019-03-21', '508', 'mix', 'unreadable receipts.', 'Cash', '', '', '2019-11-26 02:12:54.000000', 2),
(294, 'Personal', '5801755', '2019-10-31', '165', 'blue ocean department store', '', 'Cash', '', '', '2019-11-26 02:17:59.000000', 2),
(295, 'Personal', '103408', '2019-10-31', '50', 'blue ocean department store', '', 'Cash', '', '', '2019-11-26 02:18:39.000000', 2),
(296, 'Personal', '000000068571', '2019-10-31', '1735', 'good taste restaurant otek corner', '', 'Cash', '', '', '2019-11-26 02:20:29.000000', 2),
(297, 'Personal', 'cash voucher', '2019-08-19', '1500', 'none', '', 'Cash', '', '', '2019-11-26 02:25:54.000000', 2),
(298, 'Personal', 'cash voucher', '2019-07-22', '1355', 'happy hand laundry shop', '', 'Cash', '', '', '2019-11-26 02:27:11.000000', 2),
(299, 'Personal', 'cash voucher', '2019-10-29', '1000', 'allan paneza', 'rommel laylay transpo & meals going home', 'Cash', '', '', '2019-11-26 02:28:10.000000', 2),
(300, 'Personal', '136580', '2019-07-08', '175', 'l.u. pioneer auto supply', 'sold to kevin', 'Cash', '', '', '2019-11-26 02:29:18.000000', 2),
(301, 'Personal', 'check voucher', '2019-07-08', '850', 'kevin', 'labor', 'Cash', '', '', '2019-11-26 02:30:24.000000', 2),
(302, 'Personal', 'cash voucher', '2019-08-19', '1500', 'chuck samson', 'materials', 'Cash', '', '', '2019-11-26 02:31:02.000000', 2),
(303, 'Personal', 'none', '2019-08-19', '1000', 'chuck samson', 'written in a leaf notebook', 'Cash', '', '', '2019-11-26 02:32:04.000000', 2),
(304, 'Personal', 'cash voucher', '2019-08-19', '2000', 'larry bangahon', 'labor breaker tripping', 'Cash', '', '', '2019-11-26 02:33:06.000000', 2),
(305, 'Personal', 'none', '2019-08-10', '120', 'none', 'written in a scrap', 'Cash', '', '', '2019-11-26 02:35:52.000000', 2),
(306, 'Personal', '122595a', '2019-11-09', '1000', 'total marcos highway', '', 'Cash', '', '', '2019-11-26 02:37:11.000000', 2),
(307, 'Personal', '055746', '2019-10-21', '2842.22', 'rustan supercenters', '', 'Bank', '2019-10-21', 'wisecard - 1032030007737', '2019-11-26 02:58:13.000000', 2),
(308, 'Personal', '0000269535', '2019-11-15', '2347.25', 'victoria supermarket magsaysay avenue', '', 'Cash', '', '', '2019-11-26 04:04:51.000000', 2),
(309, 'Personal', '19003019c', '2019-11-17', '531', 'mcdonalds insular city hall', '', 'Cash', '', '', '2019-11-26 04:05:46.000000', 2),
(310, 'Personal', '01001262676', '2019-11-06', '1000', 'caltex session road', '', 'Cash', '', '', '2019-11-26 04:06:55.000000', 2),
(311, 'Personal', '066406', '2019-11-15', '1000', 'a childs dream foundation inc', 'received from gabriel hartley', 'Cash', '', '', '2019-11-26 04:07:49.000000', 2),
(312, 'Personal', '0544', '2019-10-23', '590', 'la vein bakery', '', 'Cash', '', '', '2019-11-26 04:10:25.000000', 2),
(313, 'Personal', '0397', '2019-10-04', '620', 'isabel c. dangatan', '', 'Cash', '', '', '2019-11-26 04:11:01.000000', 2),
(314, 'Personal', 'none', '', '90', 'none', '3 dapo', 'Cash', '', '', '2019-11-26 04:11:55.000000', 2),
(315, 'Personal', '139726', '2019-09-24', '13227', 'baguio water district', '', 'Cash', '', '', '2019-11-26 04:13:12.000000', 2),
(316, 'Personal', '0000148712', '2019-10-06', '950', 'baguio holiday supermart', '', 'Cash', '', '', '2019-11-26 04:13:53.000000', 2),
(317, 'Personal', '000602087108', '2019-11-17', '158', 'the diy shop corp', '', 'Cash', '', '', '2019-11-26 04:15:41.000000', 2),
(318, 'Personal', '000602087109', '2019-11-17', '629.50', 'the diy shop corp', '', 'Cash', '', '', '2019-11-26 04:16:35.000000', 2),
(319, 'Personal', '058432', '2019-11-06', '1656.59', 'rustan supercenters', '', 'Bank', '2019-11-06', 'wisecard - 1032030007737', '2019-11-26 04:17:28.000000', 2),
(320, 'Personal', '106582501967-2', '2019-11-13', '804.50', 'mercury drug porta vaga', '', 'Cash', '', '', '2019-11-26 04:18:30.000000', 2),
(321, 'Personal', '00011857', '2019-11-13', '105.5', 'chelsea kahlan taxi', '', 'Cash', '', '', '2019-11-26 04:21:00.000000', 2),
(322, 'Personal', '12567', '2019-11-13', '115', 'anjo taxi', '', 'Cash', '', '', '2019-11-26 04:21:40.000000', 2),
(323, 'Personal', '1-358841', '2019-11-13', '1272', 'kfc session road', '', 'Cash', '', '', '2019-11-26 04:22:45.000000', 2),
(324, 'Personal', 'none', '2019-11-24', '280', 'none', '2 packs marlboro', 'Cash', '', '', '2019-11-26 04:24:00.000000', 2),
(325, 'Personal', '106582507395', '2019-11-24', '177', 'mercury drug porta vaga', '', 'Cash', '', '', '2019-11-26 04:24:39.000000', 2),
(326, 'Personal', '01001286627', '2019-11-24', '300', 'caltex session road', '', 'Cash', '', '', '2019-11-26 04:27:12.000000', 2),
(327, 'Personal', '71718', '2019-11-22', '755', 'octagon computer superstore', '', 'Cash', '', '', '2019-11-26 04:28:40.000000', 2),
(328, 'Personal', '161480', '2019-11-24', '25', '5 cents up', '', 'Cash', '', '', '2019-11-26 04:29:29.000000', 2),
(329, 'Personal', '102048', '2019-10-27', '20', 'blue ocean department store', '', 'Cash', '', '', '2019-11-26 04:30:35.000000', 2),
(330, 'Personal', '118576', '2019-11-24', '22', 'blue ocean department store', '', 'Cash', '', '', '2019-11-26 04:33:20.000000', 2),
(331, 'Personal', '118573', '2019-11-24', '20', 'blue ocean department store', '', 'Cash', '', '', '2019-11-26 04:33:56.000000', 2),
(332, 'Personal', '11/24/2019 bill', '2019-11-24', '5308.19', 'benguet electric cooperative', '', 'Cash', '', '', '2019-11-26 04:35:42.000000', 2),
(333, 'Personal', '0000000000064024', '2019-11-24', '62.5', 'mart one', '', 'Cash', '', '', '2019-11-26 04:42:08.000000', 2),
(334, 'Personal', '001-0000564128', '2019-11-24', '1477.2', 'curamed pharmacy', '', 'Cash', '', '', '2019-11-26 04:43:26.000000', 2),
(335, 'Personal', 'np617c01789c', '2019-11-08', '485', 'mcdonalds insular city hall', '', 'Cash', '', '', '2019-11-26 04:44:22.000000', 2);

-- --------------------------------------------------------

--
-- Table structure for table `invoice`
--

DROP TABLE IF EXISTS `invoice`;
CREATE TABLE IF NOT EXISTS `invoice` (
  `id` bigint(255) NOT NULL AUTO_INCREMENT,
  `customerID` bigint(255) NOT NULL,
  `remittanceID` bigint(255) DEFAULT NULL,
  `shop` enum('Online','BCC','In-House') DEFAULT NULL,
  `date` varchar(255) NOT NULL,
  `sales` int(255) NOT NULL,
  `totalAmount` int(255) DEFAULT NULL,
  `amountPaid` int(255) NOT NULL,
  `amountDue` int(255) DEFAULT NULL,
  `note` varchar(255) DEFAULT NULL,
  `modeofpayment` enum('Cash','Bank','Money Transfer','Debt') NOT NULL,
  `commission` bigint(255) DEFAULT NULL,
  `commissioner` enum('Maui','Mary Ann','None') DEFAULT NULL,
  `remittanceDate` varchar(255) DEFAULT NULL,
  `remittanceCode` varchar(255) DEFAULT NULL,
  `remittanceAmount` int(255) DEFAULT NULL,
  `remittanceCourier` varchar(255) DEFAULT NULL,
  `shippingDate` varchar(255) DEFAULT NULL,
  `trackingNumber` varchar(255) DEFAULT NULL,
  `shippingPrice` int(255) DEFAULT NULL,
  `shippingCourier` varchar(255) DEFAULT NULL,
  `timestamp` timestamp(6) NOT NULL,
  `adminID` int(255) DEFAULT NULL,
  PRIMARY KEY (`id`)
) ENGINE=InnoDB AUTO_INCREMENT=3 DEFAULT CHARSET=utf8;

--
-- Dumping data for table `invoice`
--

INSERT INTO `invoice` (`id`, `customerID`, `remittanceID`, `shop`, `date`, `sales`, `totalAmount`, `amountPaid`, `amountDue`, `note`, `modeofpayment`, `commission`, `commissioner`, `remittanceDate`, `remittanceCode`, `remittanceAmount`, `remittanceCourier`, `shippingDate`, `trackingNumber`, `shippingPrice`, `shippingCourier`, `timestamp`, `adminID`) VALUES
(1, 2, NULL, 'In-House', '2019-12-07', 20000, 20000, 15000, 5000, NULL, 'Cash', 0, 'Maui', NULL, NULL, NULL, NULL, NULL, NULL, NULL, NULL, '2019-12-07 00:09:26.000000', 2),
(2, 1, NULL, 'BCC', '2019-12-07', 1500, 1500, 500, 1000, NULL, 'Cash', 0, 'Maui', NULL, NULL, NULL, NULL, NULL, NULL, NULL, NULL, '2019-12-07 00:50:50.000000', 2);

-- --------------------------------------------------------

--
-- Table structure for table `invoiceitems`
--

DROP TABLE IF EXISTS `invoiceitems`;
CREATE TABLE IF NOT EXISTS `invoiceitems` (
  `invoiceID` int(255) NOT NULL,
  `item` varchar(255) NOT NULL,
  `description` varchar(255) NOT NULL,
  `quantity` int(255) NOT NULL,
  `price` int(255) NOT NULL,
  `shippingprice` int(255) DEFAULT NULL,
  `totalamount` int(255) NOT NULL
) ENGINE=InnoDB DEFAULT CHARSET=utf8;

--
-- Dumping data for table `invoiceitems`
--

INSERT INTO `invoiceitems` (`invoiceID`, `item`, `description`, `quantity`, `price`, `shippingprice`, `totalamount`) VALUES
(1, 'coelogyne pandurata', 'none', 1, 1500, 0, 1500),
(1, 'bulbophylum grandiflorum', 'none', 1, 2200, 0, 2200),
(1, 'colmanara wild cat peach', 'none', 1, 1500, 0, 1500),
(1, 'colmanara wild cat rainbow', 'none', 1, 1500, 0, 1500),
(1, 'cymbidium chens ruby', 'none', 1, 1500, 0, 1500),
(1, 'sa-ngob delight', 'none', 1, 900, 0, 900),
(1, 'guibertii', 'none', 1, 850, 0, 850),
(1, 'coelogyne rochussenii', 'none', 1, 3500, 0, 3500),
(1, 'dendrobium chantaboon sunrise', 'none', 1, 1200, 0, 1200),
(1, 'hoya sigillatis', 'none', 1, 850, 0, 850),
(1, 'black bath', 'none', 1, 400, 0, 400),
(1, 'cymbidium fuku musume', 'none', 1, 1500, 0, 1500),
(1, 'ground orchids', 'none', 1, 600, 0, 600),
(1, 'oncidium sphacelatum', 'none', 1, 1800, 0, 1800),
(1, 'pholidota imbricata', 'none', 1, 0, 0, 0),
(1, 'hoya burtoniae', 'none', 1, 0, 0, 0),
(1, 'dischidia ruscifolia', 'none', 1, 0, 0, 0),
(1, 'hoya kentiana', 'none', 1, 0, 0, 0),
(1, 'hoya mindorensis', 'none', 1, 200, 0, 200),
(2, 'hoya mindorensis', 'none', 1, 1500, 0, 1500);

-- --------------------------------------------------------

--
-- Table structure for table `remittance`
--

DROP TABLE IF EXISTS `remittance`;
CREATE TABLE IF NOT EXISTS `remittance` (
  `id` bigint(255) NOT NULL AUTO_INCREMENT,
  `rfirstname` varchar(255) NOT NULL,
  `rlastname` varchar(255) NOT NULL,
  `raddress` varchar(255) NOT NULL,
  `rcontactNumber` varchar(255) DEFAULT NULL,
  PRIMARY KEY (`id`)
) ENGINE=InnoDB AUTO_INCREMENT=2 DEFAULT CHARSET=utf8;

--
-- Dumping data for table `remittance`
--

INSERT INTO `remittance` (`id`, `rfirstname`, `rlastname`, `raddress`, `rcontactNumber`) VALUES
(1, 'andrian yves', 'macalino', '111 new lucban ext', '09057128373');
COMMIT;

/*!40101 SET CHARACTER_SET_CLIENT=@OLD_CHARACTER_SET_CLIENT */;
/*!40101 SET CHARACTER_SET_RESULTS=@OLD_CHARACTER_SET_RESULTS */;
/*!40101 SET COLLATION_CONNECTION=@OLD_COLLATION_CONNECTION */;
